timestamp,current_commit_sha,parent_commit_sha,current_commit_timestamp,current_commit_message,github_url,num_python_file_changed,coverage,num_new_violations,new_violations,num_old_violations,old_violations,num_current_violations,current_violations,num_parent_violations,parent_violations,violations_current_parent_commit_mapping
20260217_231025,161e3b584369f439d3233a97f37eaa243fd0e02b,,1714412468,fix,,,x,3,KeyInList:/specs-new/NLTK_NonterminalSymbolMutability.py:34;KeyInList:/usr/lib/python3.12/logging/__init__.py:1708;KeyInList:/usr/lib/python3.12/logging/__init__.py:1719,0,,3,KeyInList:/specs-new/NLTK_NonterminalSymbolMutability.py:34=256;KeyInList:/usr/lib/python3.12/logging/__init__.py:1708=14;KeyInList:/usr/lib/python3.12/logging/__init__.py:1719=12,0,,
20260217_231025,309fa87aa456a1f42fe218e8d014433957934cd6,161e3b584369f439d3233a97f37eaa243fd0e02b,1714774760,style: package structure,https://github.com/ecmwf/anemoi-core/compare/161e3b584369f439d3233a97f37eaa243fd0e02b...309fa87aa456a1f42fe218e8d014433957934cd6,6,x,0,,0,,3,KeyInList:/specs-new/NLTK_NonterminalSymbolMutability.py:34=256;KeyInList:/usr/lib/python3.12/logging/__init__.py:1708=14;KeyInList:/usr/lib/python3.12/logging/__init__.py:1719=12,3,KeyInList:/specs-new/NLTK_NonterminalSymbolMutability.py:34=256;KeyInList:/usr/lib/python3.12/logging/__init__.py:1708=14;KeyInList:/usr/lib/python3.12/logging/__init__.py:1719=12,
20260217_231025,275ea89bce9a591c3ae43f49ae21ced31d804e43,309fa87aa456a1f42fe218e8d014433957934cd6,1714775814,refactor: Initial Layers Implementation,https://github.com/ecmwf/anemoi-core/compare/309fa87aa456a1f42fe218e8d014433957934cd6...275ea89bce9a591c3ae43f49ae21ced31d804e43,9,x,0,,0,,3,KeyInList:/specs-new/NLTK_NonterminalSymbolMutability.py:34=256;KeyInList:/usr/lib/python3.12/logging/__init__.py:1708=14;KeyInList:/usr/lib/python3.12/logging/__init__.py:1719=12,3,KeyInList:/specs-new/NLTK_NonterminalSymbolMutability.py:34=256;KeyInList:/usr/lib/python3.12/logging/__init__.py:1708=14;KeyInList:/usr/lib/python3.12/logging/__init__.py:1719=12,
20260217_231025,a36c052b54257c4e2c34a1a27fb0f6e8f70caca0,275ea89bce9a591c3ae43f49ae21ced31d804e43,1714776384,test: add tests for new layers,https://github.com/ecmwf/anemoi-core/compare/275ea89bce9a591c3ae43f49ae21ced31d804e43...a36c052b54257c4e2c34a1a27fb0f6e8f70caca0,16,x,0,,0,,3,KeyInList:/specs-new/NLTK_NonterminalSymbolMutability.py:34=256;KeyInList:/usr/lib/python3.12/logging/__init__.py:1708=14;KeyInList:/usr/lib/python3.12/logging/__init__.py:1719=12,3,KeyInList:/specs-new/NLTK_NonterminalSymbolMutability.py:34=256;KeyInList:/usr/lib/python3.12/logging/__init__.py:1708=14;KeyInList:/usr/lib/python3.12/logging/__init__.py:1719=12,
20260217_231025,d188a1263267bb7f786453d52272037e93f6558c,a36c052b54257c4e2c34a1a27fb0f6e8f70caca0,1715960258,refactor: Initial data implementation,https://github.com/ecmwf/anemoi-core/compare/a36c052b54257c4e2c34a1a27fb0f6e8f70caca0...d188a1263267bb7f786453d52272037e93f6558c,33,x,0,,0,,3,KeyInList:/specs-new/NLTK_NonterminalSymbolMutability.py:34=256;KeyInList:/usr/lib/python3.12/logging/__init__.py:1708=14;KeyInList:/usr/lib/python3.12/logging/__init__.py:1719=12,3,KeyInList:/specs-new/NLTK_NonterminalSymbolMutability.py:34=256;KeyInList:/usr/lib/python3.12/logging/__init__.py:1708=14;KeyInList:/usr/lib/python3.12/logging/__init__.py:1719=12,
20260217_231025,d79d326513281178eb995c5e42dda55b1fd62186,d188a1263267bb7f786453d52272037e93f6558c,1715960543,refactor: Initial loss implementation,https://github.com/ecmwf/anemoi-core/compare/d188a1263267bb7f786453d52272037e93f6558c...d79d326513281178eb995c5e42dda55b1fd62186,3,x,0,,0,,3,KeyInList:/specs-new/NLTK_NonterminalSymbolMutability.py:34=256;KeyInList:/usr/lib/python3.12/logging/__init__.py:1708=14;KeyInList:/usr/lib/python3.12/logging/__init__.py:1719=12,3,KeyInList:/specs-new/NLTK_NonterminalSymbolMutability.py:34=256;KeyInList:/usr/lib/python3.12/logging/__init__.py:1708=14;KeyInList:/usr/lib/python3.12/logging/__init__.py:1719=12,
20260217_231025,534012ea960b6777939509c9bea43eeab72b240c,d79d326513281178eb995c5e42dda55b1fd62186,1716217976,refactor: Initial implementation of diagnostics module,https://github.com/ecmwf/anemoi-core/compare/d79d326513281178eb995c5e42dda55b1fd62186...534012ea960b6777939509c9bea43eeab72b240c,9,x,0,,0,,3,KeyInList:/specs-new/NLTK_NonterminalSymbolMutability.py:34=256;KeyInList:/usr/lib/python3.12/logging/__init__.py:1708=14;KeyInList:/usr/lib/python3.12/logging/__init__.py:1719=12,3,KeyInList:/specs-new/NLTK_NonterminalSymbolMutability.py:34=256;KeyInList:/usr/lib/python3.12/logging/__init__.py:1708=14;KeyInList:/usr/lib/python3.12/logging/__init__.py:1719=12,
20260217_231025,1e704be6ea229a617fc6023ba69344eebeeacf86,534012ea960b6777939509c9bea43eeab72b240c,1716307667,refactor: Initial Distributed Implementation,https://github.com/ecmwf/anemoi-core/compare/534012ea960b6777939509c9bea43eeab72b240c...1e704be6ea229a617fc6023ba69344eebeeacf86,1,x,0,,0,,3,KeyInList:/specs-new/NLTK_NonterminalSymbolMutability.py:34=256;KeyInList:/usr/lib/python3.12/logging/__init__.py:1708=14;KeyInList:/usr/lib/python3.12/logging/__init__.py:1719=12,3,KeyInList:/specs-new/NLTK_NonterminalSymbolMutability.py:34=256;KeyInList:/usr/lib/python3.12/logging/__init__.py:1708=14;KeyInList:/usr/lib/python3.12/logging/__init__.py:1719=12,
20260217_231025,3b9f65559c4dc724c80989dcbf3d6966a494fcf9,1e704be6ea229a617fc6023ba69344eebeeacf86,1716879916,Update inference checkpoint,https://github.com/ecmwf/anemoi-core/compare/1e704be6ea229a617fc6023ba69344eebeeacf86...3b9f65559c4dc724c80989dcbf3d6966a494fcf9,1,x,0,,0,,3,KeyInList:/specs-new/NLTK_NonterminalSymbolMutability.py:34=256;KeyInList:/usr/lib/python3.12/logging/__init__.py:1708=14;KeyInList:/usr/lib/python3.12/logging/__init__.py:1719=12,3,KeyInList:/specs-new/NLTK_NonterminalSymbolMutability.py:34=256;KeyInList:/usr/lib/python3.12/logging/__init__.py:1708=14;KeyInList:/usr/lib/python3.12/logging/__init__.py:1719=12,
20260217_231025,2837c0ba36b80961e3d4200d803d3efcf617b28d,3b9f65559c4dc724c80989dcbf3d6966a494fcf9,1716879953,Update inference checkpoint,https://github.com/ecmwf/anemoi-core/compare/3b9f65559c4dc724c80989dcbf3d6966a494fcf9...2837c0ba36b80961e3d4200d803d3efcf617b28d,1,x,0,,0,,3,KeyInList:/specs-new/NLTK_NonterminalSymbolMutability.py:34=256;KeyInList:/usr/lib/python3.12/logging/__init__.py:1708=14;KeyInList:/usr/lib/python3.12/logging/__init__.py:1719=12,3,KeyInList:/specs-new/NLTK_NonterminalSymbolMutability.py:34=256;KeyInList:/usr/lib/python3.12/logging/__init__.py:1708=14;KeyInList:/usr/lib/python3.12/logging/__init__.py:1719=12,
20260217_231025,e3f7b19a667d6db612ec6fde6a27bad89b130b2e,2837c0ba36b80961e3d4200d803d3efcf617b28d,1716890923,Work on cli,https://github.com/ecmwf/anemoi-core/compare/2837c0ba36b80961e3d4200d803d3efcf617b28d...e3f7b19a667d6db612ec6fde6a27bad89b130b2e,46,x,0,,0,,3,KeyInList:/specs-new/NLTK_NonterminalSymbolMutability.py:34=256;KeyInList:/usr/lib/python3.12/logging/__init__.py:1708=14;KeyInList:/usr/lib/python3.12/logging/__init__.py:1719=12,3,KeyInList:/specs-new/NLTK_NonterminalSymbolMutability.py:34=256;KeyInList:/usr/lib/python3.12/logging/__init__.py:1708=14;KeyInList:/usr/lib/python3.12/logging/__init__.py:1719=12,
20260217_231025,11dc23f7e0cc764157ab397b60b20e9517aa544c,e3f7b19a667d6db612ec6fde6a27bad89b130b2e,1716890954,Work on cli,https://github.com/ecmwf/anemoi-core/compare/e3f7b19a667d6db612ec6fde6a27bad89b130b2e...11dc23f7e0cc764157ab397b60b20e9517aa544c,45,x,0,,0,,3,KeyInList:/specs-new/NLTK_NonterminalSymbolMutability.py:34=256;KeyInList:/usr/lib/python3.12/logging/__init__.py:1708=14;KeyInList:/usr/lib/python3.12/logging/__init__.py:1719=12,3,KeyInList:/specs-new/NLTK_NonterminalSymbolMutability.py:34=256;KeyInList:/usr/lib/python3.12/logging/__init__.py:1708=14;KeyInList:/usr/lib/python3.12/logging/__init__.py:1719=12,
20260217_231025,f36b52f7ad4391cf8f63f018ffcde13084ec9d5c,11dc23f7e0cc764157ab397b60b20e9517aa544c,1716893080,Work on documentation,https://github.com/ecmwf/anemoi-core/compare/11dc23f7e0cc764157ab397b60b20e9517aa544c...f36b52f7ad4391cf8f63f018ffcde13084ec9d5c,2,x,0,,0,,3,KeyInList:/specs-new/NLTK_NonterminalSymbolMutability.py:34=256;KeyInList:/usr/lib/python3.12/logging/__init__.py:1708=14;KeyInList:/usr/lib/python3.12/logging/__init__.py:1719=12,3,KeyInList:/specs-new/NLTK_NonterminalSymbolMutability.py:34=256;KeyInList:/usr/lib/python3.12/logging/__init__.py:1708=14;KeyInList:/usr/lib/python3.12/logging/__init__.py:1719=12,
20260217_231025,eb7a642094909bb351da7ffbc9a335dbcf8b10d6,f36b52f7ad4391cf8f63f018ffcde13084ec9d5c,1716893094,Work on documentation,https://github.com/ecmwf/anemoi-core/compare/f36b52f7ad4391cf8f63f018ffcde13084ec9d5c...eb7a642094909bb351da7ffbc9a335dbcf8b10d6,45,x,0,,0,,3,KeyInList:/specs-new/NLTK_NonterminalSymbolMutability.py:34=256;KeyInList:/usr/lib/python3.12/logging/__init__.py:1708=14;KeyInList:/usr/lib/python3.12/logging/__init__.py:1719=12,3,KeyInList:/specs-new/NLTK_NonterminalSymbolMutability.py:34=256;KeyInList:/usr/lib/python3.12/logging/__init__.py:1708=14;KeyInList:/usr/lib/python3.12/logging/__init__.py:1719=12,
20260217_231025,70a48f232d796396c88eb0f84eea5e6611dd9b13,eb7a642094909bb351da7ffbc9a335dbcf8b10d6,1717602383,fix: import from utils,https://github.com/ecmwf/anemoi-core/compare/eb7a642094909bb351da7ffbc9a335dbcf8b10d6...70a48f232d796396c88eb0f84eea5e6611dd9b13,45,x,5,KeyInList:/usr/lib/python3.12/enum.py:444;KeyInList:/usr/lib/python3.12/typing.py:286;KeyInList:/usr/lib/python3.12/typing.py:290;KeyInList:/usr/lib/python3.12/typing.py:1862;KeyInList:/usr/lib/python3.12/encodings/__init__.py:144,0,,8,KeyInList:/specs-new/NLTK_NonterminalSymbolMutability.py:34=256;KeyInList:/usr/lib/python3.12/logging/__init__.py:1708=718;KeyInList:/usr/lib/python3.12/logging/__init__.py:1719=696;KeyInList:/usr/lib/python3.12/enum.py:444=450;KeyInList:/usr/lib/python3.12/typing.py:286=4;KeyInList:/usr/lib/python3.12/typing.py:290=2;KeyInList:/usr/lib/python3.12/typing.py:1862=14;KeyInList:/usr/lib/python3.12/encodings/__init__.py:144=1,3,KeyInList:/specs-new/NLTK_NonterminalSymbolMutability.py:34=256;KeyInList:/usr/lib/python3.12/logging/__init__.py:1708=14;KeyInList:/usr/lib/python3.12/logging/__init__.py:1719=12,
20260217_231025,f6427a314711e90348ae4d9ddedbb41bc66d7258,70a48f232d796396c88eb0f84eea5e6611dd9b13,1717607127,Docs: Initial documentation (#3),https://github.com/ecmwf/anemoi-core/compare/70a48f232d796396c88eb0f84eea5e6611dd9b13...f6427a314711e90348ae4d9ddedbb41bc66d7258,5,x,0,,0,,8,KeyInList:/specs-new/NLTK_NonterminalSymbolMutability.py:34=256;KeyInList:/usr/lib/python3.12/logging/__init__.py:1708=718;KeyInList:/usr/lib/python3.12/logging/__init__.py:1719=696;KeyInList:/usr/lib/python3.12/enum.py:444=450;KeyInList:/usr/lib/python3.12/typing.py:286=4;KeyInList:/usr/lib/python3.12/typing.py:290=2;KeyInList:/usr/lib/python3.12/typing.py:1862=14;KeyInList:/usr/lib/python3.12/encodings/__init__.py:144=1,8,KeyInList:/specs-new/NLTK_NonterminalSymbolMutability.py:34=256;KeyInList:/usr/lib/python3.12/logging/__init__.py:1708=718;KeyInList:/usr/lib/python3.12/logging/__init__.py:1719=696;KeyInList:/usr/lib/python3.12/enum.py:444=450;KeyInList:/usr/lib/python3.12/typing.py:286=4;KeyInList:/usr/lib/python3.12/typing.py:290=2;KeyInList:/usr/lib/python3.12/typing.py:1862=14;KeyInList:/usr/lib/python3.12/encodings/__init__.py:144=1,
20260217_231025,e683e8758901a04134e36dc6af46d7bd192386a8,f6427a314711e90348ae4d9ddedbb41bc66d7258,1718027062,fix for transformer conv inference and doc string (#4),https://github.com/ecmwf/anemoi-core/compare/f6427a314711e90348ae4d9ddedbb41bc66d7258...e683e8758901a04134e36dc6af46d7bd192386a8,2,x,0,,0,,8,KeyInList:/specs-new/NLTK_NonterminalSymbolMutability.py:34=256;KeyInList:/usr/lib/python3.12/logging/__init__.py:1708=718;KeyInList:/usr/lib/python3.12/logging/__init__.py:1719=696;KeyInList:/usr/lib/python3.12/enum.py:444=450;KeyInList:/usr/lib/python3.12/typing.py:286=4;KeyInList:/usr/lib/python3.12/typing.py:290=2;KeyInList:/usr/lib/python3.12/typing.py:1862=14;KeyInList:/usr/lib/python3.12/encodings/__init__.py:144=1,8,KeyInList:/specs-new/NLTK_NonterminalSymbolMutability.py:34=256;KeyInList:/usr/lib/python3.12/logging/__init__.py:1708=718;KeyInList:/usr/lib/python3.12/logging/__init__.py:1719=696;KeyInList:/usr/lib/python3.12/enum.py:444=450;KeyInList:/usr/lib/python3.12/typing.py:286=4;KeyInList:/usr/lib/python3.12/typing.py:290=2;KeyInList:/usr/lib/python3.12/typing.py:1862=14;KeyInList:/usr/lib/python3.12/encodings/__init__.py:144=1,
20260217_231025,5d7ff8067e4d4e1652c354b9626f886ae25118c0,e683e8758901a04134e36dc6af46d7bd192386a8,1718116606,refactor: initial implemention of forecaster and profiler,https://github.com/ecmwf/anemoi-core/compare/e683e8758901a04134e36dc6af46d7bd192386a8...5d7ff8067e4d4e1652c354b9626f886ae25118c0,65,x,0,,5,KeyInList:/usr/lib/python3.12/enum.py:444;KeyInList:/usr/lib/python3.12/typing.py:286;KeyInList:/usr/lib/python3.12/typing.py:290;KeyInList:/usr/lib/python3.12/typing.py:1862;KeyInList:/usr/lib/python3.12/encodings/__init__.py:144,3,KeyInList:/specs-new/NLTK_NonterminalSymbolMutability.py:34=256;KeyInList:/usr/lib/python3.12/logging/__init__.py:1708=14;KeyInList:/usr/lib/python3.12/logging/__init__.py:1719=12,8,KeyInList:/specs-new/NLTK_NonterminalSymbolMutability.py:34=256;KeyInList:/usr/lib/python3.12/logging/__init__.py:1708=718;KeyInList:/usr/lib/python3.12/logging/__init__.py:1719=696;KeyInList:/usr/lib/python3.12/enum.py:444=450;KeyInList:/usr/lib/python3.12/typing.py:286=4;KeyInList:/usr/lib/python3.12/typing.py:290=2;KeyInList:/usr/lib/python3.12/typing.py:1862=14;KeyInList:/usr/lib/python3.12/encodings/__init__.py:144=1,
20260217_231025,1e7729e9889d05357870b55802c3f6472552f5a8,5d7ff8067e4d4e1652c354b9626f886ae25118c0,1718116978,"test: add initial tests for data module, checkpoint, and trainer",https://github.com/ecmwf/anemoi-core/compare/5d7ff8067e4d4e1652c354b9626f886ae25118c0...1e7729e9889d05357870b55802c3f6472552f5a8,3,x,4,KeyInList:/usr/lib/python3.12/enum.py:444;KeyInList:/usr/lib/python3.12/typing.py:1862;KeyInList:/usr/lib/python3.12/functools.py:677;Pydocs_UselessFileOpen:/specs-new/Pydocs_UselessFileOpen.py:117,0,,7,KeyInList:/specs-new/NLTK_NonterminalSymbolMutability.py:34=256;KeyInList:/usr/lib/python3.12/logging/__init__.py:1708=53;KeyInList:/usr/lib/python3.12/logging/__init__.py:1719=12;KeyInList:/usr/lib/python3.12/enum.py:444=1455;KeyInList:/usr/lib/python3.12/typing.py:1862=54;KeyInList:/usr/lib/python3.12/functools.py:677=24;Pydocs_UselessFileOpen:/specs-new/Pydocs_UselessFileOpen.py:117=33,3,KeyInList:/specs-new/NLTK_NonterminalSymbolMutability.py:34=256;KeyInList:/usr/lib/python3.12/logging/__init__.py:1708=14;KeyInList:/usr/lib/python3.12/logging/__init__.py:1719=12,
20260217_231025,5628c90d4560a98fc6a8ee3feb6d22d40c4d7df7,1e7729e9889d05357870b55802c3f6472552f5a8,1718812830,fix doc string (#5),https://github.com/ecmwf/anemoi-core/compare/1e7729e9889d05357870b55802c3f6472552f5a8...5628c90d4560a98fc6a8ee3feb6d22d40c4d7df7,68,x,3,KeyInList:/usr/lib/python3.12/typing.py:286;KeyInList:/usr/lib/python3.12/typing.py:290;KeyInList:/usr/lib/python3.12/encodings/__init__.py:144,2,KeyInList:/usr/lib/python3.12/functools.py:677;Pydocs_UselessFileOpen:/specs-new/Pydocs_UselessFileOpen.py:117,8,KeyInList:/specs-new/NLTK_NonterminalSymbolMutability.py:34=256;KeyInList:/usr/lib/python3.12/logging/__init__.py:1708=718;KeyInList:/usr/lib/python3.12/logging/__init__.py:1719=696;KeyInList:/usr/lib/python3.12/enum.py:444=450;KeyInList:/usr/lib/python3.12/typing.py:286=4;KeyInList:/usr/lib/python3.12/typing.py:290=2;KeyInList:/usr/lib/python3.12/typing.py:1862=14;KeyInList:/usr/lib/python3.12/encodings/__init__.py:144=1,7,KeyInList:/specs-new/NLTK_NonterminalSymbolMutability.py:34=256;KeyInList:/usr/lib/python3.12/logging/__init__.py:1708=53;KeyInList:/usr/lib/python3.12/logging/__init__.py:1719=12;KeyInList:/usr/lib/python3.12/enum.py:444=1455;KeyInList:/usr/lib/python3.12/typing.py:1862=54;KeyInList:/usr/lib/python3.12/functools.py:677=24;Pydocs_UselessFileOpen:/specs-new/Pydocs_UselessFileOpen.py:117=33,
20260217_231025,4eacdd79a25a7868b383aa32e2b7ac44693832cc,5628c90d4560a98fc6a8ee3feb6d22d40c4d7df7,1718868710,temporary fix for chunking (#6),https://github.com/ecmwf/anemoi-core/compare/5628c90d4560a98fc6a8ee3feb6d22d40c4d7df7...4eacdd79a25a7868b383aa32e2b7ac44693832cc,1,x,0,,0,,8,KeyInList:/specs-new/NLTK_NonterminalSymbolMutability.py:34=256;KeyInList:/usr/lib/python3.12/logging/__init__.py:1708=718;KeyInList:/usr/lib/python3.12/logging/__init__.py:1719=696;KeyInList:/usr/lib/python3.12/enum.py:444=450;KeyInList:/usr/lib/python3.12/typing.py:286=4;KeyInList:/usr/lib/python3.12/typing.py:290=2;KeyInList:/usr/lib/python3.12/typing.py:1862=14;KeyInList:/usr/lib/python3.12/encodings/__init__.py:144=1,8,KeyInList:/specs-new/NLTK_NonterminalSymbolMutability.py:34=256;KeyInList:/usr/lib/python3.12/logging/__init__.py:1708=718;KeyInList:/usr/lib/python3.12/logging/__init__.py:1719=696;KeyInList:/usr/lib/python3.12/enum.py:444=450;KeyInList:/usr/lib/python3.12/typing.py:286=4;KeyInList:/usr/lib/python3.12/typing.py:290=2;KeyInList:/usr/lib/python3.12/typing.py:1862=14;KeyInList:/usr/lib/python3.12/encodings/__init__.py:144=1,
20260217_231025,a654d21731dbf6867e05245313927e173b95eb16,4eacdd79a25a7868b383aa32e2b7ac44693832cc,1718893805,tidy conf.py,https://github.com/ecmwf/anemoi-core/compare/4eacdd79a25a7868b383aa32e2b7ac44693832cc...a654d21731dbf6867e05245313927e173b95eb16,53,x,0,,5,KeyInList:/usr/lib/python3.12/enum.py:444;KeyInList:/usr/lib/python3.12/typing.py:286;KeyInList:/usr/lib/python3.12/typing.py:290;KeyInList:/usr/lib/python3.12/typing.py:1862;KeyInList:/usr/lib/python3.12/encodings/__init__.py:144,3,KeyInList:/specs-new/NLTK_NonterminalSymbolMutability.py:34=256;KeyInList:/usr/lib/python3.12/logging/__init__.py:1708=14;KeyInList:/usr/lib/python3.12/logging/__init__.py:1719=12,8,KeyInList:/specs-new/NLTK_NonterminalSymbolMutability.py:34=256;KeyInList:/usr/lib/python3.12/logging/__init__.py:1708=718;KeyInList:/usr/lib/python3.12/logging/__init__.py:1719=696;KeyInList:/usr/lib/python3.12/enum.py:444=450;KeyInList:/usr/lib/python3.12/typing.py:286=4;KeyInList:/usr/lib/python3.12/typing.py:290=2;KeyInList:/usr/lib/python3.12/typing.py:1862=14;KeyInList:/usr/lib/python3.12/encodings/__init__.py:144=1,
20260217_231025,1c95d748caf6f37cb994b98d1ab0979f8890b36d,a654d21731dbf6867e05245313927e173b95eb16,1718893839,tidy conf.py,https://github.com/ecmwf/anemoi-core/compare/a654d21731dbf6867e05245313927e173b95eb16...1c95d748caf6f37cb994b98d1ab0979f8890b36d,53,x,5,KeyInList:/usr/lib/python3.12/enum.py:444;KeyInList:/usr/lib/python3.12/typing.py:286;KeyInList:/usr/lib/python3.12/typing.py:290;KeyInList:/usr/lib/python3.12/typing.py:1862;KeyInList:/usr/lib/python3.12/encodings/__init__.py:144,0,,8,KeyInList:/specs-new/NLTK_NonterminalSymbolMutability.py:34=256;KeyInList:/usr/lib/python3.12/logging/__init__.py:1708=718;KeyInList:/usr/lib/python3.12/logging/__init__.py:1719=696;KeyInList:/usr/lib/python3.12/enum.py:444=450;KeyInList:/usr/lib/python3.12/typing.py:286=4;KeyInList:/usr/lib/python3.12/typing.py:290=2;KeyInList:/usr/lib/python3.12/typing.py:1862=14;KeyInList:/usr/lib/python3.12/encodings/__init__.py:144=1,3,KeyInList:/specs-new/NLTK_NonterminalSymbolMutability.py:34=256;KeyInList:/usr/lib/python3.12/logging/__init__.py:1708=14;KeyInList:/usr/lib/python3.12/logging/__init__.py:1719=12,
20260217_231025,b993520c36af4a5bdb90e6b4a62b5899ddbe2deb,1c95d748caf6f37cb994b98d1ab0979f8890b36d,1718893865,tidy conf.py,https://github.com/ecmwf/anemoi-core/compare/1c95d748caf6f37cb994b98d1ab0979f8890b36d...b993520c36af4a5bdb90e6b4a62b5899ddbe2deb,68,x,2,KeyInList:/usr/lib/python3.12/functools.py:677;Pydocs_UselessFileOpen:/specs-new/Pydocs_UselessFileOpen.py:117,3,KeyInList:/usr/lib/python3.12/typing.py:286;KeyInList:/usr/lib/python3.12/typing.py:290;KeyInList:/usr/lib/python3.12/encodings/__init__.py:144,7,KeyInList:/specs-new/NLTK_NonterminalSymbolMutability.py:34=256;KeyInList:/usr/lib/python3.12/logging/__init__.py:1708=53;KeyInList:/usr/lib/python3.12/logging/__init__.py:1719=12;KeyInList:/usr/lib/python3.12/enum.py:444=1455;KeyInList:/usr/lib/python3.12/typing.py:1862=54;KeyInList:/usr/lib/python3.12/functools.py:677=24;Pydocs_UselessFileOpen:/specs-new/Pydocs_UselessFileOpen.py:117=33,8,KeyInList:/specs-new/NLTK_NonterminalSymbolMutability.py:34=256;KeyInList:/usr/lib/python3.12/logging/__init__.py:1708=718;KeyInList:/usr/lib/python3.12/logging/__init__.py:1719=696;KeyInList:/usr/lib/python3.12/enum.py:444=450;KeyInList:/usr/lib/python3.12/typing.py:286=4;KeyInList:/usr/lib/python3.12/typing.py:290=2;KeyInList:/usr/lib/python3.12/typing.py:1862=14;KeyInList:/usr/lib/python3.12/encodings/__init__.py:144=1,
20260217_231025,1c9583599184ca5aa8d02e881cb2af46c5b05735,b993520c36af4a5bdb90e6b4a62b5899ddbe2deb,1719312962,Add mlflow subpackage,https://github.com/ecmwf/anemoi-core/compare/b993520c36af4a5bdb90e6b4a62b5899ddbe2deb...1c9583599184ca5aa8d02e881cb2af46c5b05735,1,x,0,,0,,7,KeyInList:/specs-new/NLTK_NonterminalSymbolMutability.py:34=256;KeyInList:/usr/lib/python3.12/logging/__init__.py:1708=53;KeyInList:/usr/lib/python3.12/logging/__init__.py:1719=12;KeyInList:/usr/lib/python3.12/enum.py:444=1455;KeyInList:/usr/lib/python3.12/typing.py:1862=54;KeyInList:/usr/lib/python3.12/functools.py:677=24;Pydocs_UselessFileOpen:/specs-new/Pydocs_UselessFileOpen.py:117=33,7,KeyInList:/specs-new/NLTK_NonterminalSymbolMutability.py:34=256;KeyInList:/usr/lib/python3.12/logging/__init__.py:1708=53;KeyInList:/usr/lib/python3.12/logging/__init__.py:1719=12;KeyInList:/usr/lib/python3.12/enum.py:444=1455;KeyInList:/usr/lib/python3.12/typing.py:1862=54;KeyInList:/usr/lib/python3.12/functools.py:677=24;Pydocs_UselessFileOpen:/specs-new/Pydocs_UselessFileOpen.py:117=33,
20260217_231025,624fabb33c4e13c3d55b6fd179c060cd3eca9777,1c9583599184ca5aa8d02e881cb2af46c5b05735,1719331934,Add auth module,https://github.com/ecmwf/anemoi-core/compare/1c9583599184ca5aa8d02e881cb2af46c5b05735...624fabb33c4e13c3d55b6fd179c060cd3eca9777,2,x,0,,0,,7,KeyInList:/specs-new/NLTK_NonterminalSymbolMutability.py:34=256;KeyInList:/usr/lib/python3.12/logging/__init__.py:1708=53;KeyInList:/usr/lib/python3.12/logging/__init__.py:1719=12;KeyInList:/usr/lib/python3.12/enum.py:444=1455;KeyInList:/usr/lib/python3.12/typing.py:1862=54;KeyInList:/usr/lib/python3.12/functools.py:677=24;Pydocs_UselessFileOpen:/specs-new/Pydocs_UselessFileOpen.py:117=33,7,KeyInList:/specs-new/NLTK_NonterminalSymbolMutability.py:34=256;KeyInList:/usr/lib/python3.12/logging/__init__.py:1708=53;KeyInList:/usr/lib/python3.12/logging/__init__.py:1719=12;KeyInList:/usr/lib/python3.12/enum.py:444=1455;KeyInList:/usr/lib/python3.12/typing.py:1862=54;KeyInList:/usr/lib/python3.12/functools.py:677=24;Pydocs_UselessFileOpen:/specs-new/Pydocs_UselessFileOpen.py:117=33,
20260217_231025,fbe8d0a452228ee11f3c7aa1f15317eda4bceb85,624fabb33c4e13c3d55b6fd179c060cd3eca9777,1719397633,Use unix time,https://github.com/ecmwf/anemoi-core/compare/624fabb33c4e13c3d55b6fd179c060cd3eca9777...fbe8d0a452228ee11f3c7aa1f15317eda4bceb85,1,x,0,,0,,7,KeyInList:/specs-new/NLTK_NonterminalSymbolMutability.py:34=256;KeyInList:/usr/lib/python3.12/logging/__init__.py:1708=53;KeyInList:/usr/lib/python3.12/logging/__init__.py:1719=12;KeyInList:/usr/lib/python3.12/enum.py:444=1455;KeyInList:/usr/lib/python3.12/typing.py:1862=54;KeyInList:/usr/lib/python3.12/functools.py:677=24;Pydocs_UselessFileOpen:/specs-new/Pydocs_UselessFileOpen.py:117=33,7,KeyInList:/specs-new/NLTK_NonterminalSymbolMutability.py:34=256;KeyInList:/usr/lib/python3.12/logging/__init__.py:1708=53;KeyInList:/usr/lib/python3.12/logging/__init__.py:1719=12;KeyInList:/usr/lib/python3.12/enum.py:444=1455;KeyInList:/usr/lib/python3.12/typing.py:1862=54;KeyInList:/usr/lib/python3.12/functools.py:677=24;Pydocs_UselessFileOpen:/specs-new/Pydocs_UselessFileOpen.py:117=33,
20260217_231025,a05a37421e926784fdab0b4926585eda33683b1c,fbe8d0a452228ee11f3c7aa1f15317eda4bceb85,1719398284,Store new refresh token in memory,https://github.com/ecmwf/anemoi-core/compare/fbe8d0a452228ee11f3c7aa1f15317eda4bceb85...a05a37421e926784fdab0b4926585eda33683b1c,1,x,0,,0,,7,KeyInList:/specs-new/NLTK_NonterminalSymbolMutability.py:34=256;KeyInList:/usr/lib/python3.12/logging/__init__.py:1708=53;KeyInList:/usr/lib/python3.12/logging/__init__.py:1719=12;KeyInList:/usr/lib/python3.12/enum.py:444=1455;KeyInList:/usr/lib/python3.12/typing.py:1862=54;KeyInList:/usr/lib/python3.12/functools.py:677=24;Pydocs_UselessFileOpen:/specs-new/Pydocs_UselessFileOpen.py:117=33,7,KeyInList:/specs-new/NLTK_NonterminalSymbolMutability.py:34=256;KeyInList:/usr/lib/python3.12/logging/__init__.py:1708=53;KeyInList:/usr/lib/python3.12/logging/__init__.py:1719=12;KeyInList:/usr/lib/python3.12/enum.py:444=1455;KeyInList:/usr/lib/python3.12/typing.py:1862=54;KeyInList:/usr/lib/python3.12/functools.py:677=24;Pydocs_UselessFileOpen:/specs-new/Pydocs_UselessFileOpen.py:117=33,
20260217_231025,683069b3002c10548d90aea89e79d31bc58b368d,a05a37421e926784fdab0b4926585eda33683b1c,1719407486,Add authenticate fn,https://github.com/ecmwf/anemoi-core/compare/a05a37421e926784fdab0b4926585eda33683b1c...683069b3002c10548d90aea89e79d31bc58b368d,1,x,0,,0,,7,KeyInList:/specs-new/NLTK_NonterminalSymbolMutability.py:34=256;KeyInList:/usr/lib/python3.12/logging/__init__.py:1708=53;KeyInList:/usr/lib/python3.12/logging/__init__.py:1719=12;KeyInList:/usr/lib/python3.12/enum.py:444=1455;KeyInList:/usr/lib/python3.12/typing.py:1862=54;KeyInList:/usr/lib/python3.12/functools.py:677=24;Pydocs_UselessFileOpen:/specs-new/Pydocs_UselessFileOpen.py:117=33,7,KeyInList:/specs-new/NLTK_NonterminalSymbolMutability.py:34=256;KeyInList:/usr/lib/python3.12/logging/__init__.py:1708=53;KeyInList:/usr/lib/python3.12/logging/__init__.py:1719=12;KeyInList:/usr/lib/python3.12/enum.py:444=1455;KeyInList:/usr/lib/python3.12/typing.py:1862=54;KeyInList:/usr/lib/python3.12/functools.py:677=24;Pydocs_UselessFileOpen:/specs-new/Pydocs_UselessFileOpen.py:117=33,
20260217_231025,7e5bb019f056409a1f830fc1b47b416c5958b2df,683069b3002c10548d90aea89e79d31bc58b368d,1719407868,Load config on init,https://github.com/ecmwf/anemoi-core/compare/683069b3002c10548d90aea89e79d31bc58b368d...7e5bb019f056409a1f830fc1b47b416c5958b2df,1,x,0,,0,,7,KeyInList:/specs-new/NLTK_NonterminalSymbolMutability.py:34=256;KeyInList:/usr/lib/python3.12/logging/__init__.py:1708=53;KeyInList:/usr/lib/python3.12/logging/__init__.py:1719=12;KeyInList:/usr/lib/python3.12/enum.py:444=1455;KeyInList:/usr/lib/python3.12/typing.py:1862=54;KeyInList:/usr/lib/python3.12/functools.py:677=24;Pydocs_UselessFileOpen:/specs-new/Pydocs_UselessFileOpen.py:117=33,7,KeyInList:/specs-new/NLTK_NonterminalSymbolMutability.py:34=256;KeyInList:/usr/lib/python3.12/logging/__init__.py:1708=53;KeyInList:/usr/lib/python3.12/logging/__init__.py:1719=12;KeyInList:/usr/lib/python3.12/enum.py:444=1455;KeyInList:/usr/lib/python3.12/typing.py:1862=54;KeyInList:/usr/lib/python3.12/functools.py:677=24;Pydocs_UselessFileOpen:/specs-new/Pydocs_UselessFileOpen.py:117=33,
20260217_231025,70bf8c314b7d04b6b2218744c5a48ad0f5c7045d,7e5bb019f056409a1f830fc1b47b416c5958b2df,1719409281,Refactor login logic,https://github.com/ecmwf/anemoi-core/compare/7e5bb019f056409a1f830fc1b47b416c5958b2df...70bf8c314b7d04b6b2218744c5a48ad0f5c7045d,1,x,0,,0,,7,KeyInList:/specs-new/NLTK_NonterminalSymbolMutability.py:34=256;KeyInList:/usr/lib/python3.12/logging/__init__.py:1708=53;KeyInList:/usr/lib/python3.12/logging/__init__.py:1719=12;KeyInList:/usr/lib/python3.12/enum.py:444=1455;KeyInList:/usr/lib/python3.12/typing.py:1862=54;KeyInList:/usr/lib/python3.12/functools.py:677=24;Pydocs_UselessFileOpen:/specs-new/Pydocs_UselessFileOpen.py:117=33,7,KeyInList:/specs-new/NLTK_NonterminalSymbolMutability.py:34=256;KeyInList:/usr/lib/python3.12/logging/__init__.py:1708=53;KeyInList:/usr/lib/python3.12/logging/__init__.py:1719=12;KeyInList:/usr/lib/python3.12/enum.py:444=1455;KeyInList:/usr/lib/python3.12/typing.py:1862=54;KeyInList:/usr/lib/python3.12/functools.py:677=24;Pydocs_UselessFileOpen:/specs-new/Pydocs_UselessFileOpen.py:117=33,
20260217_231025,224897dd933d5f9ea76c1845d424e79c5a4692f5,70bf8c314b7d04b6b2218744c5a48ad0f5c7045d,1719486848,Add force credentials arg,https://github.com/ecmwf/anemoi-core/compare/70bf8c314b7d04b6b2218744c5a48ad0f5c7045d...224897dd933d5f9ea76c1845d424e79c5a4692f5,1,x,0,,0,,7,KeyInList:/specs-new/NLTK_NonterminalSymbolMutability.py:34=256;KeyInList:/usr/lib/python3.12/logging/__init__.py:1708=53;KeyInList:/usr/lib/python3.12/logging/__init__.py:1719=12;KeyInList:/usr/lib/python3.12/enum.py:444=1455;KeyInList:/usr/lib/python3.12/typing.py:1862=54;KeyInList:/usr/lib/python3.12/functools.py:677=24;Pydocs_UselessFileOpen:/specs-new/Pydocs_UselessFileOpen.py:117=33,7,KeyInList:/specs-new/NLTK_NonterminalSymbolMutability.py:34=256;KeyInList:/usr/lib/python3.12/logging/__init__.py:1708=53;KeyInList:/usr/lib/python3.12/logging/__init__.py:1719=12;KeyInList:/usr/lib/python3.12/enum.py:444=1455;KeyInList:/usr/lib/python3.12/typing.py:1862=54;KeyInList:/usr/lib/python3.12/functools.py:677=24;Pydocs_UselessFileOpen:/specs-new/Pydocs_UselessFileOpen.py:117=33,
20260217_231025,460d59835d9d0a176da7b497a8f870a2047028c9,224897dd933d5f9ea76c1845d424e79c5a4692f5,1719487237,Check refresh token expiry on auth,https://github.com/ecmwf/anemoi-core/compare/224897dd933d5f9ea76c1845d424e79c5a4692f5...460d59835d9d0a176da7b497a8f870a2047028c9,1,x,0,,0,,7,KeyInList:/specs-new/NLTK_NonterminalSymbolMutability.py:34=256;KeyInList:/usr/lib/python3.12/logging/__init__.py:1708=53;KeyInList:/usr/lib/python3.12/logging/__init__.py:1719=12;KeyInList:/usr/lib/python3.12/enum.py:444=1455;KeyInList:/usr/lib/python3.12/typing.py:1862=54;KeyInList:/usr/lib/python3.12/functools.py:677=24;Pydocs_UselessFileOpen:/specs-new/Pydocs_UselessFileOpen.py:117=33,7,KeyInList:/specs-new/NLTK_NonterminalSymbolMutability.py:34=256;KeyInList:/usr/lib/python3.12/logging/__init__.py:1708=53;KeyInList:/usr/lib/python3.12/logging/__init__.py:1719=12;KeyInList:/usr/lib/python3.12/enum.py:444=1455;KeyInList:/usr/lib/python3.12/typing.py:1862=54;KeyInList:/usr/lib/python3.12/functools.py:677=24;Pydocs_UselessFileOpen:/specs-new/Pydocs_UselessFileOpen.py:117=33,
20260217_231025,de9395160a9f58e20c44a01a7e51ed299ac0448e,460d59835d9d0a176da7b497a8f870a2047028c9,1719500522,Handle error status,https://github.com/ecmwf/anemoi-core/compare/460d59835d9d0a176da7b497a8f870a2047028c9...de9395160a9f58e20c44a01a7e51ed299ac0448e,1,x,0,,0,,7,KeyInList:/specs-new/NLTK_NonterminalSymbolMutability.py:34=256;KeyInList:/usr/lib/python3.12/logging/__init__.py:1708=53;KeyInList:/usr/lib/python3.12/logging/__init__.py:1719=12;KeyInList:/usr/lib/python3.12/enum.py:444=1455;KeyInList:/usr/lib/python3.12/typing.py:1862=54;KeyInList:/usr/lib/python3.12/functools.py:677=24;Pydocs_UselessFileOpen:/specs-new/Pydocs_UselessFileOpen.py:117=33,7,KeyInList:/specs-new/NLTK_NonterminalSymbolMutability.py:34=256;KeyInList:/usr/lib/python3.12/logging/__init__.py:1708=53;KeyInList:/usr/lib/python3.12/logging/__init__.py:1719=12;KeyInList:/usr/lib/python3.12/enum.py:444=1455;KeyInList:/usr/lib/python3.12/typing.py:1862=54;KeyInList:/usr/lib/python3.12/functools.py:677=24;Pydocs_UselessFileOpen:/specs-new/Pydocs_UselessFileOpen.py:117=33,
20260217_231025,aecf26a29c63c67e92d0bc8c2a5a3a1072c30c86,de9395160a9f58e20c44a01a7e51ed299ac0448e,1719501119,Retry login with credentials if token fails,https://github.com/ecmwf/anemoi-core/compare/de9395160a9f58e20c44a01a7e51ed299ac0448e...aecf26a29c63c67e92d0bc8c2a5a3a1072c30c86,1,x,0,,0,,7,KeyInList:/specs-new/NLTK_NonterminalSymbolMutability.py:34=256;KeyInList:/usr/lib/python3.12/logging/__init__.py:1708=53;KeyInList:/usr/lib/python3.12/logging/__init__.py:1719=12;KeyInList:/usr/lib/python3.12/enum.py:444=1455;KeyInList:/usr/lib/python3.12/typing.py:1862=54;KeyInList:/usr/lib/python3.12/functools.py:677=24;Pydocs_UselessFileOpen:/specs-new/Pydocs_UselessFileOpen.py:117=33,7,KeyInList:/specs-new/NLTK_NonterminalSymbolMutability.py:34=256;KeyInList:/usr/lib/python3.12/logging/__init__.py:1708=53;KeyInList:/usr/lib/python3.12/logging/__init__.py:1719=12;KeyInList:/usr/lib/python3.12/enum.py:444=1455;KeyInList:/usr/lib/python3.12/typing.py:1862=54;KeyInList:/usr/lib/python3.12/functools.py:677=24;Pydocs_UselessFileOpen:/specs-new/Pydocs_UselessFileOpen.py:117=33,
20260217_231025,ff3206bd25c9917d97a639f52597de7d14f041f0,aecf26a29c63c67e92d0bc8c2a5a3a1072c30c86,1719504336,Add mlflow command,https://github.com/ecmwf/anemoi-core/compare/aecf26a29c63c67e92d0bc8c2a5a3a1072c30c86...ff3206bd25c9917d97a639f52597de7d14f041f0,1,x,0,,0,,7,KeyInList:/specs-new/NLTK_NonterminalSymbolMutability.py:34=256;KeyInList:/usr/lib/python3.12/logging/__init__.py:1708=53;KeyInList:/usr/lib/python3.12/logging/__init__.py:1719=12;KeyInList:/usr/lib/python3.12/enum.py:444=1455;KeyInList:/usr/lib/python3.12/typing.py:1862=54;KeyInList:/usr/lib/python3.12/functools.py:677=24;Pydocs_UselessFileOpen:/specs-new/Pydocs_UselessFileOpen.py:117=33,7,KeyInList:/specs-new/NLTK_NonterminalSymbolMutability.py:34=256;KeyInList:/usr/lib/python3.12/logging/__init__.py:1708=53;KeyInList:/usr/lib/python3.12/logging/__init__.py:1719=12;KeyInList:/usr/lib/python3.12/enum.py:444=1455;KeyInList:/usr/lib/python3.12/typing.py:1862=54;KeyInList:/usr/lib/python3.12/functools.py:677=24;Pydocs_UselessFileOpen:/specs-new/Pydocs_UselessFileOpen.py:117=33,
20260217_231025,2140a56272a13154e9dff36b346c7d918fb38cfd,ff3206bd25c9917d97a639f52597de7d14f041f0,1719504414,Assert url,https://github.com/ecmwf/anemoi-core/compare/ff3206bd25c9917d97a639f52597de7d14f041f0...2140a56272a13154e9dff36b346c7d918fb38cfd,1,x,0,,0,,7,KeyInList:/specs-new/NLTK_NonterminalSymbolMutability.py:34=256;KeyInList:/usr/lib/python3.12/logging/__init__.py:1708=53;KeyInList:/usr/lib/python3.12/logging/__init__.py:1719=12;KeyInList:/usr/lib/python3.12/enum.py:444=1455;KeyInList:/usr/lib/python3.12/typing.py:1862=54;KeyInList:/usr/lib/python3.12/functools.py:677=24;Pydocs_UselessFileOpen:/specs-new/Pydocs_UselessFileOpen.py:117=33,7,KeyInList:/specs-new/NLTK_NonterminalSymbolMutability.py:34=256;KeyInList:/usr/lib/python3.12/logging/__init__.py:1708=53;KeyInList:/usr/lib/python3.12/logging/__init__.py:1719=12;KeyInList:/usr/lib/python3.12/enum.py:444=1455;KeyInList:/usr/lib/python3.12/typing.py:1862=54;KeyInList:/usr/lib/python3.12/functools.py:677=24;Pydocs_UselessFileOpen:/specs-new/Pydocs_UselessFileOpen.py:117=33,
20260217_231025,868f2693c0c0839a2b47e824c9a82a4564152b46,2140a56272a13154e9dff36b346c7d918fb38cfd,1719563730,Header,https://github.com/ecmwf/anemoi-core/compare/2140a56272a13154e9dff36b346c7d918fb38cfd...868f2693c0c0839a2b47e824c9a82a4564152b46,2,x,0,,0,,7,KeyInList:/specs-new/NLTK_NonterminalSymbolMutability.py:34=256;KeyInList:/usr/lib/python3.12/logging/__init__.py:1708=53;KeyInList:/usr/lib/python3.12/logging/__init__.py:1719=12;KeyInList:/usr/lib/python3.12/enum.py:444=1455;KeyInList:/usr/lib/python3.12/typing.py:1862=54;KeyInList:/usr/lib/python3.12/functools.py:677=24;Pydocs_UselessFileOpen:/specs-new/Pydocs_UselessFileOpen.py:117=33,7,KeyInList:/specs-new/NLTK_NonterminalSymbolMutability.py:34=256;KeyInList:/usr/lib/python3.12/logging/__init__.py:1708=53;KeyInList:/usr/lib/python3.12/logging/__init__.py:1719=12;KeyInList:/usr/lib/python3.12/enum.py:444=1455;KeyInList:/usr/lib/python3.12/typing.py:1862=54;KeyInList:/usr/lib/python3.12/functools.py:677=24;Pydocs_UselessFileOpen:/specs-new/Pydocs_UselessFileOpen.py:117=33,
20260217_231025,c5acb4f95c73656e1e175954c1991bca93535fad,868f2693c0c0839a2b47e824c9a82a4564152b46,1719574808,Add docstrings,https://github.com/ecmwf/anemoi-core/compare/868f2693c0c0839a2b47e824c9a82a4564152b46...c5acb4f95c73656e1e175954c1991bca93535fad,1,x,0,,0,,7,KeyInList:/specs-new/NLTK_NonterminalSymbolMutability.py:34=256;KeyInList:/usr/lib/python3.12/logging/__init__.py:1708=53;KeyInList:/usr/lib/python3.12/logging/__init__.py:1719=12;KeyInList:/usr/lib/python3.12/enum.py:444=1455;KeyInList:/usr/lib/python3.12/typing.py:1862=54;KeyInList:/usr/lib/python3.12/functools.py:677=24;Pydocs_UselessFileOpen:/specs-new/Pydocs_UselessFileOpen.py:117=33,7,KeyInList:/specs-new/NLTK_NonterminalSymbolMutability.py:34=256;KeyInList:/usr/lib/python3.12/logging/__init__.py:1708=53;KeyInList:/usr/lib/python3.12/logging/__init__.py:1719=12;KeyInList:/usr/lib/python3.12/enum.py:444=1455;KeyInList:/usr/lib/python3.12/typing.py:1862=54;KeyInList:/usr/lib/python3.12/functools.py:677=24;Pydocs_UselessFileOpen:/specs-new/Pydocs_UselessFileOpen.py:117=33,
20260217_231025,c4d9a4ec3b007413198be86331ec38b66bfe289e,c5acb4f95c73656e1e175954c1991bca93535fad,1719575026,Fix logger import,https://github.com/ecmwf/anemoi-core/compare/c5acb4f95c73656e1e175954c1991bca93535fad...c4d9a4ec3b007413198be86331ec38b66bfe289e,1,x,0,,0,,7,KeyInList:/specs-new/NLTK_NonterminalSymbolMutability.py:34=256;KeyInList:/usr/lib/python3.12/logging/__init__.py:1708=53;KeyInList:/usr/lib/python3.12/logging/__init__.py:1719=12;KeyInList:/usr/lib/python3.12/enum.py:444=1455;KeyInList:/usr/lib/python3.12/typing.py:1862=54;KeyInList:/usr/lib/python3.12/functools.py:677=24;Pydocs_UselessFileOpen:/specs-new/Pydocs_UselessFileOpen.py:117=33,7,KeyInList:/specs-new/NLTK_NonterminalSymbolMutability.py:34=256;KeyInList:/usr/lib/python3.12/logging/__init__.py:1708=53;KeyInList:/usr/lib/python3.12/logging/__init__.py:1719=12;KeyInList:/usr/lib/python3.12/enum.py:444=1455;KeyInList:/usr/lib/python3.12/typing.py:1862=54;KeyInList:/usr/lib/python3.12/functools.py:677=24;Pydocs_UselessFileOpen:/specs-new/Pydocs_UselessFileOpen.py:117=33,
20260217_231025,d39541f97a4b0d10266575edad5975068709b036,c4d9a4ec3b007413198be86331ec38b66bfe289e,1719580957,"Make refresh token a property, update expiry in setter",https://github.com/ecmwf/anemoi-core/compare/c4d9a4ec3b007413198be86331ec38b66bfe289e...d39541f97a4b0d10266575edad5975068709b036,1,x,0,,0,,7,KeyInList:/specs-new/NLTK_NonterminalSymbolMutability.py:34=256;KeyInList:/usr/lib/python3.12/logging/__init__.py:1708=53;KeyInList:/usr/lib/python3.12/logging/__init__.py:1719=12;KeyInList:/usr/lib/python3.12/enum.py:444=1455;KeyInList:/usr/lib/python3.12/typing.py:1862=54;KeyInList:/usr/lib/python3.12/functools.py:677=24;Pydocs_UselessFileOpen:/specs-new/Pydocs_UselessFileOpen.py:117=33,7,KeyInList:/specs-new/NLTK_NonterminalSymbolMutability.py:34=256;KeyInList:/usr/lib/python3.12/logging/__init__.py:1708=53;KeyInList:/usr/lib/python3.12/logging/__init__.py:1719=12;KeyInList:/usr/lib/python3.12/enum.py:444=1455;KeyInList:/usr/lib/python3.12/typing.py:1862=54;KeyInList:/usr/lib/python3.12/functools.py:677=24;Pydocs_UselessFileOpen:/specs-new/Pydocs_UselessFileOpen.py:117=33,
20260217_231025,f7fb94a8b23378f108aa991fecd3f6bc7b1abbea,d39541f97a4b0d10266575edad5975068709b036,1719585750,"Refactor token request, update refresh token on auth",https://github.com/ecmwf/anemoi-core/compare/d39541f97a4b0d10266575edad5975068709b036...f7fb94a8b23378f108aa991fecd3f6bc7b1abbea,1,x,0,,0,,7,KeyInList:/specs-new/NLTK_NonterminalSymbolMutability.py:34=256;KeyInList:/usr/lib/python3.12/logging/__init__.py:1708=53;KeyInList:/usr/lib/python3.12/logging/__init__.py:1719=12;KeyInList:/usr/lib/python3.12/enum.py:444=1455;KeyInList:/usr/lib/python3.12/typing.py:1862=54;KeyInList:/usr/lib/python3.12/functools.py:677=24;Pydocs_UselessFileOpen:/specs-new/Pydocs_UselessFileOpen.py:117=33,7,KeyInList:/specs-new/NLTK_NonterminalSymbolMutability.py:34=256;KeyInList:/usr/lib/python3.12/logging/__init__.py:1708=53;KeyInList:/usr/lib/python3.12/logging/__init__.py:1719=12;KeyInList:/usr/lib/python3.12/enum.py:444=1455;KeyInList:/usr/lib/python3.12/typing.py:1862=54;KeyInList:/usr/lib/python3.12/functools.py:677=24;Pydocs_UselessFileOpen:/specs-new/Pydocs_UselessFileOpen.py:117=33,
20260217_231025,f4b781cc8e544b13d1272696e445a397155e84c9,f7fb94a8b23378f108aa991fecd3f6bc7b1abbea,1719915324,Update mlflow logger to latest aifs-mono version,https://github.com/ecmwf/anemoi-core/compare/f7fb94a8b23378f108aa991fecd3f6bc7b1abbea...f4b781cc8e544b13d1272696e445a397155e84c9,4,x,0,,0,,7,KeyInList:/specs-new/NLTK_NonterminalSymbolMutability.py:34=256;KeyInList:/usr/lib/python3.12/logging/__init__.py:1708=53;KeyInList:/usr/lib/python3.12/logging/__init__.py:1719=12;KeyInList:/usr/lib/python3.12/enum.py:444=1455;KeyInList:/usr/lib/python3.12/typing.py:1862=54;KeyInList:/usr/lib/python3.12/functools.py:677=24;Pydocs_UselessFileOpen:/specs-new/Pydocs_UselessFileOpen.py:117=33,7,KeyInList:/specs-new/NLTK_NonterminalSymbolMutability.py:34=256;KeyInList:/usr/lib/python3.12/logging/__init__.py:1708=53;KeyInList:/usr/lib/python3.12/logging/__init__.py:1719=12;KeyInList:/usr/lib/python3.12/enum.py:444=1455;KeyInList:/usr/lib/python3.12/typing.py:1862=54;KeyInList:/usr/lib/python3.12/functools.py:677=24;Pydocs_UselessFileOpen:/specs-new/Pydocs_UselessFileOpen.py:117=33,
20260217_231025,6e8bfcc18ac77ce0f6dc16a026bc433f2b39fb82,f4b781cc8e544b13d1272696e445a397155e84c9,1719918652,Use code logger,https://github.com/ecmwf/anemoi-core/compare/f4b781cc8e544b13d1272696e445a397155e84c9...6e8bfcc18ac77ce0f6dc16a026bc433f2b39fb82,1,x,0,,0,,7,KeyInList:/specs-new/NLTK_NonterminalSymbolMutability.py:34=256;KeyInList:/usr/lib/python3.12/logging/__init__.py:1708=53;KeyInList:/usr/lib/python3.12/logging/__init__.py:1719=12;KeyInList:/usr/lib/python3.12/enum.py:444=1455;KeyInList:/usr/lib/python3.12/typing.py:1862=54;KeyInList:/usr/lib/python3.12/functools.py:677=24;Pydocs_UselessFileOpen:/specs-new/Pydocs_UselessFileOpen.py:117=33,7,KeyInList:/specs-new/NLTK_NonterminalSymbolMutability.py:34=256;KeyInList:/usr/lib/python3.12/logging/__init__.py:1708=53;KeyInList:/usr/lib/python3.12/logging/__init__.py:1719=12;KeyInList:/usr/lib/python3.12/enum.py:444=1455;KeyInList:/usr/lib/python3.12/typing.py:1862=54;KeyInList:/usr/lib/python3.12/functools.py:677=24;Pydocs_UselessFileOpen:/specs-new/Pydocs_UselessFileOpen.py:117=33,
20260217_231025,d7b2abcfc5dbc82a1e57590d0d2ee9484e41f380,6e8bfcc18ac77ce0f6dc16a026bc433f2b39fb82,1719920687,Return a global auth instance with get_auth,https://github.com/ecmwf/anemoi-core/compare/6e8bfcc18ac77ce0f6dc16a026bc433f2b39fb82...d7b2abcfc5dbc82a1e57590d0d2ee9484e41f380,1,x,0,,0,,7,KeyInList:/specs-new/NLTK_NonterminalSymbolMutability.py:34=256;KeyInList:/usr/lib/python3.12/logging/__init__.py:1708=53;KeyInList:/usr/lib/python3.12/logging/__init__.py:1719=12;KeyInList:/usr/lib/python3.12/enum.py:444=1455;KeyInList:/usr/lib/python3.12/typing.py:1862=54;KeyInList:/usr/lib/python3.12/functools.py:677=24;Pydocs_UselessFileOpen:/specs-new/Pydocs_UselessFileOpen.py:117=33,7,KeyInList:/specs-new/NLTK_NonterminalSymbolMutability.py:34=256;KeyInList:/usr/lib/python3.12/logging/__init__.py:1708=53;KeyInList:/usr/lib/python3.12/logging/__init__.py:1719=12;KeyInList:/usr/lib/python3.12/enum.py:444=1455;KeyInList:/usr/lib/python3.12/typing.py:1862=54;KeyInList:/usr/lib/python3.12/functools.py:677=24;Pydocs_UselessFileOpen:/specs-new/Pydocs_UselessFileOpen.py:117=33,
20260217_231025,4a7509c90f306bb82b8d464aa03bae020a2ef407,d7b2abcfc5dbc82a1e57590d0d2ee9484e41f380,1719922751,Add enabled decorator,https://github.com/ecmwf/anemoi-core/compare/d7b2abcfc5dbc82a1e57590d0d2ee9484e41f380...4a7509c90f306bb82b8d464aa03bae020a2ef407,1,x,0,,0,,7,KeyInList:/specs-new/NLTK_NonterminalSymbolMutability.py:34=256;KeyInList:/usr/lib/python3.12/logging/__init__.py:1708=53;KeyInList:/usr/lib/python3.12/logging/__init__.py:1719=12;KeyInList:/usr/lib/python3.12/enum.py:444=1455;KeyInList:/usr/lib/python3.12/typing.py:1862=54;KeyInList:/usr/lib/python3.12/functools.py:677=24;Pydocs_UselessFileOpen:/specs-new/Pydocs_UselessFileOpen.py:117=33,7,KeyInList:/specs-new/NLTK_NonterminalSymbolMutability.py:34=256;KeyInList:/usr/lib/python3.12/logging/__init__.py:1708=53;KeyInList:/usr/lib/python3.12/logging/__init__.py:1719=12;KeyInList:/usr/lib/python3.12/enum.py:444=1455;KeyInList:/usr/lib/python3.12/typing.py:1862=54;KeyInList:/usr/lib/python3.12/functools.py:677=24;Pydocs_UselessFileOpen:/specs-new/Pydocs_UselessFileOpen.py:117=33,
20260217_231025,131b13885c6cc4d6d6834b170d1e8043d60daa67,4a7509c90f306bb82b8d464aa03bae020a2ef407,1719922999,Log refresh token expiry date,https://github.com/ecmwf/anemoi-core/compare/4a7509c90f306bb82b8d464aa03bae020a2ef407...131b13885c6cc4d6d6834b170d1e8043d60daa67,1,x,0,,0,,7,KeyInList:/specs-new/NLTK_NonterminalSymbolMutability.py:34=256;KeyInList:/usr/lib/python3.12/logging/__init__.py:1708=53;KeyInList:/usr/lib/python3.12/logging/__init__.py:1719=12;KeyInList:/usr/lib/python3.12/enum.py:444=1455;KeyInList:/usr/lib/python3.12/typing.py:1862=54;KeyInList:/usr/lib/python3.12/functools.py:677=24;Pydocs_UselessFileOpen:/specs-new/Pydocs_UselessFileOpen.py:117=33,7,KeyInList:/specs-new/NLTK_NonterminalSymbolMutability.py:34=256;KeyInList:/usr/lib/python3.12/logging/__init__.py:1708=53;KeyInList:/usr/lib/python3.12/logging/__init__.py:1719=12;KeyInList:/usr/lib/python3.12/enum.py:444=1455;KeyInList:/usr/lib/python3.12/typing.py:1862=54;KeyInList:/usr/lib/python3.12/functools.py:677=24;Pydocs_UselessFileOpen:/specs-new/Pydocs_UselessFileOpen.py:117=33,
20260217_231025,c4d8b2e50a2f13939a9d136193510f3b2dcdbbff,131b13885c6cc4d6d6834b170d1e8043d60daa67,1719923340,Simplify expiry calculation,https://github.com/ecmwf/anemoi-core/compare/131b13885c6cc4d6d6834b170d1e8043d60daa67...c4d8b2e50a2f13939a9d136193510f3b2dcdbbff,1,x,0,,0,,7,KeyInList:/specs-new/NLTK_NonterminalSymbolMutability.py:34=256;KeyInList:/usr/lib/python3.12/logging/__init__.py:1708=53;KeyInList:/usr/lib/python3.12/logging/__init__.py:1719=12;KeyInList:/usr/lib/python3.12/enum.py:444=1455;KeyInList:/usr/lib/python3.12/typing.py:1862=54;KeyInList:/usr/lib/python3.12/functools.py:677=24;Pydocs_UselessFileOpen:/specs-new/Pydocs_UselessFileOpen.py:117=33,7,KeyInList:/specs-new/NLTK_NonterminalSymbolMutability.py:34=256;KeyInList:/usr/lib/python3.12/logging/__init__.py:1708=53;KeyInList:/usr/lib/python3.12/logging/__init__.py:1719=12;KeyInList:/usr/lib/python3.12/enum.py:444=1455;KeyInList:/usr/lib/python3.12/typing.py:1862=54;KeyInList:/usr/lib/python3.12/functools.py:677=24;Pydocs_UselessFileOpen:/specs-new/Pydocs_UselessFileOpen.py:117=33,
20260217_231025,6edf62ddfa24ae6f5f48fe5f08e05cf48d820607,c4d8b2e50a2f13939a9d136193510f3b2dcdbbff,1719929482,Remove assert url,https://github.com/ecmwf/anemoi-core/compare/c4d8b2e50a2f13939a9d136193510f3b2dcdbbff...6edf62ddfa24ae6f5f48fe5f08e05cf48d820607,1,x,0,,0,,7,KeyInList:/specs-new/NLTK_NonterminalSymbolMutability.py:34=256;KeyInList:/usr/lib/python3.12/logging/__init__.py:1708=53;KeyInList:/usr/lib/python3.12/logging/__init__.py:1719=12;KeyInList:/usr/lib/python3.12/enum.py:444=1455;KeyInList:/usr/lib/python3.12/typing.py:1862=54;KeyInList:/usr/lib/python3.12/functools.py:677=24;Pydocs_UselessFileOpen:/specs-new/Pydocs_UselessFileOpen.py:117=33,7,KeyInList:/specs-new/NLTK_NonterminalSymbolMutability.py:34=256;KeyInList:/usr/lib/python3.12/logging/__init__.py:1708=53;KeyInList:/usr/lib/python3.12/logging/__init__.py:1719=12;KeyInList:/usr/lib/python3.12/enum.py:444=1455;KeyInList:/usr/lib/python3.12/typing.py:1862=54;KeyInList:/usr/lib/python3.12/functools.py:677=24;Pydocs_UselessFileOpen:/specs-new/Pydocs_UselessFileOpen.py:117=33,
20260217_231025,fb2c2e80816ce8ad1ccdd0ca58557a1bfe292f6f,6edf62ddfa24ae6f5f48fe5f08e05cf48d820607,1720014178,Remove global auth facility,https://github.com/ecmwf/anemoi-core/compare/6edf62ddfa24ae6f5f48fe5f08e05cf48d820607...fb2c2e80816ce8ad1ccdd0ca58557a1bfe292f6f,1,x,0,,0,,7,KeyInList:/specs-new/NLTK_NonterminalSymbolMutability.py:34=256;KeyInList:/usr/lib/python3.12/logging/__init__.py:1708=53;KeyInList:/usr/lib/python3.12/logging/__init__.py:1719=12;KeyInList:/usr/lib/python3.12/enum.py:444=1455;KeyInList:/usr/lib/python3.12/typing.py:1862=54;KeyInList:/usr/lib/python3.12/functools.py:677=24;Pydocs_UselessFileOpen:/specs-new/Pydocs_UselessFileOpen.py:117=33,7,KeyInList:/specs-new/NLTK_NonterminalSymbolMutability.py:34=256;KeyInList:/usr/lib/python3.12/logging/__init__.py:1708=53;KeyInList:/usr/lib/python3.12/logging/__init__.py:1719=12;KeyInList:/usr/lib/python3.12/enum.py:444=1455;KeyInList:/usr/lib/python3.12/typing.py:1862=54;KeyInList:/usr/lib/python3.12/functools.py:677=24;Pydocs_UselessFileOpen:/specs-new/Pydocs_UselessFileOpen.py:117=33,
20260217_231025,b3a1ea8407c3f30da80fc90646bf7b0ca0910a93,fb2c2e80816ce8ad1ccdd0ca58557a1bfe292f6f,1720017454,Integrate TokenAuth into AIFSMLflowLogger,https://github.com/ecmwf/anemoi-core/compare/fb2c2e80816ce8ad1ccdd0ca58557a1bfe292f6f...b3a1ea8407c3f30da80fc90646bf7b0ca0910a93,1,x,0,,0,,7,KeyInList:/specs-new/NLTK_NonterminalSymbolMutability.py:34=256;KeyInList:/usr/lib/python3.12/logging/__init__.py:1708=53;KeyInList:/usr/lib/python3.12/logging/__init__.py:1719=12;KeyInList:/usr/lib/python3.12/enum.py:444=1455;KeyInList:/usr/lib/python3.12/typing.py:1862=54;KeyInList:/usr/lib/python3.12/functools.py:677=24;Pydocs_UselessFileOpen:/specs-new/Pydocs_UselessFileOpen.py:117=33,7,KeyInList:/specs-new/NLTK_NonterminalSymbolMutability.py:34=256;KeyInList:/usr/lib/python3.12/logging/__init__.py:1708=53;KeyInList:/usr/lib/python3.12/logging/__init__.py:1719=12;KeyInList:/usr/lib/python3.12/enum.py:444=1455;KeyInList:/usr/lib/python3.12/typing.py:1862=54;KeyInList:/usr/lib/python3.12/functools.py:677=24;Pydocs_UselessFileOpen:/specs-new/Pydocs_UselessFileOpen.py:117=33,
20260217_231025,04f90d5366306c7c9384dc7a6bde6a8eb750615f,b3a1ea8407c3f30da80fc90646bf7b0ca0910a93,1720172841,Only initialise on rank 0,https://github.com/ecmwf/anemoi-core/compare/b3a1ea8407c3f30da80fc90646bf7b0ca0910a93...04f90d5366306c7c9384dc7a6bde6a8eb750615f,1,x,0,,0,,7,KeyInList:/specs-new/NLTK_NonterminalSymbolMutability.py:34=256;KeyInList:/usr/lib/python3.12/logging/__init__.py:1708=53;KeyInList:/usr/lib/python3.12/logging/__init__.py:1719=12;KeyInList:/usr/lib/python3.12/enum.py:444=1455;KeyInList:/usr/lib/python3.12/typing.py:1862=54;KeyInList:/usr/lib/python3.12/functools.py:677=24;Pydocs_UselessFileOpen:/specs-new/Pydocs_UselessFileOpen.py:117=33,7,KeyInList:/specs-new/NLTK_NonterminalSymbolMutability.py:34=256;KeyInList:/usr/lib/python3.12/logging/__init__.py:1708=53;KeyInList:/usr/lib/python3.12/logging/__init__.py:1719=12;KeyInList:/usr/lib/python3.12/enum.py:444=1455;KeyInList:/usr/lib/python3.12/typing.py:1862=54;KeyInList:/usr/lib/python3.12/functools.py:677=24;Pydocs_UselessFileOpen:/specs-new/Pydocs_UselessFileOpen.py:117=33,
20260217_231025,47d7e69d1f897245fce7e859f335239b790683b0,04f90d5366306c7c9384dc7a6bde6a8eb750615f,1720172910,Log time it takes to refresh token,https://github.com/ecmwf/anemoi-core/compare/04f90d5366306c7c9384dc7a6bde6a8eb750615f...47d7e69d1f897245fce7e859f335239b790683b0,1,x,0,,0,,7,KeyInList:/specs-new/NLTK_NonterminalSymbolMutability.py:34=256;KeyInList:/usr/lib/python3.12/logging/__init__.py:1708=53;KeyInList:/usr/lib/python3.12/logging/__init__.py:1719=12;KeyInList:/usr/lib/python3.12/enum.py:444=1455;KeyInList:/usr/lib/python3.12/typing.py:1862=54;KeyInList:/usr/lib/python3.12/functools.py:677=24;Pydocs_UselessFileOpen:/specs-new/Pydocs_UselessFileOpen.py:117=33,7,KeyInList:/specs-new/NLTK_NonterminalSymbolMutability.py:34=256;KeyInList:/usr/lib/python3.12/logging/__init__.py:1708=53;KeyInList:/usr/lib/python3.12/logging/__init__.py:1719=12;KeyInList:/usr/lib/python3.12/enum.py:444=1455;KeyInList:/usr/lib/python3.12/typing.py:1862=54;KeyInList:/usr/lib/python3.12/functools.py:677=24;Pydocs_UselessFileOpen:/specs-new/Pydocs_UselessFileOpen.py:117=33,
20260217_231025,b0beb3b51cf5163efabc7d06e7efed8b802c955c,47d7e69d1f897245fce7e859f335239b790683b0,1720440596,Add authentication config entry,https://github.com/ecmwf/anemoi-core/compare/47d7e69d1f897245fce7e859f335239b790683b0...b0beb3b51cf5163efabc7d06e7efed8b802c955c,2,x,0,,0,,7,KeyInList:/specs-new/NLTK_NonterminalSymbolMutability.py:34=256;KeyInList:/usr/lib/python3.12/logging/__init__.py:1708=73;KeyInList:/usr/lib/python3.12/logging/__init__.py:1719=32;KeyInList:/usr/lib/python3.12/enum.py:444=1455;KeyInList:/usr/lib/python3.12/typing.py:1862=54;KeyInList:/usr/lib/python3.12/functools.py:677=24;Pydocs_UselessFileOpen:/specs-new/Pydocs_UselessFileOpen.py:117=33,7,KeyInList:/specs-new/NLTK_NonterminalSymbolMutability.py:34=256;KeyInList:/usr/lib/python3.12/logging/__init__.py:1708=53;KeyInList:/usr/lib/python3.12/logging/__init__.py:1719=12;KeyInList:/usr/lib/python3.12/enum.py:444=1455;KeyInList:/usr/lib/python3.12/typing.py:1862=54;KeyInList:/usr/lib/python3.12/functools.py:677=24;Pydocs_UselessFileOpen:/specs-new/Pydocs_UselessFileOpen.py:117=33,
20260217_231025,c57f7970dc4de45d81603eb70995583b8e20f1d7,b0beb3b51cf5163efabc7d06e7efed8b802c955c,1720446698,Fix (global version) (#12),https://github.com/ecmwf/anemoi-core/compare/b0beb3b51cf5163efabc7d06e7efed8b802c955c...c57f7970dc4de45d81603eb70995583b8e20f1d7,51,x,6,KeyInList:<frozen importlib._bootstrap>:488;KeyInList:/usr/lib/python3.12/encodings/__init__.py:144;KeyInList:/usr/lib/python3.12/warnings.py:194;KeyInList:/tests/edges/test_cutoff.py:22;KeyInList:/tests/edges/test_knn.py:22;File_MustClose:/lib/python3.12/site-packages/pythonmop/plugin_entry.py:522,3,KeyInList:/usr/lib/python3.12/enum.py:444;KeyInList:/usr/lib/python3.12/functools.py:677;Pydocs_UselessFileOpen:/specs-new/Pydocs_UselessFileOpen.py:117,10,KeyInList:/specs-new/NLTK_NonterminalSymbolMutability.py:34=256;KeyInList:/usr/lib/python3.12/logging/__init__.py:1708=372;KeyInList:/usr/lib/python3.12/logging/__init__.py:1719=370;KeyInList:<frozen importlib._bootstrap>:488=161;KeyInList:/usr/lib/python3.12/encodings/__init__.py:144=2;KeyInList:/usr/lib/python3.12/typing.py:1862=5;KeyInList:/usr/lib/python3.12/warnings.py:194=70;KeyInList:/tests/edges/test_cutoff.py:22=1;KeyInList:/tests/edges/test_knn.py:22=1;File_MustClose:/lib/python3.12/site-packages/pythonmop/plugin_entry.py:522=4,7,KeyInList:/specs-new/NLTK_NonterminalSymbolMutability.py:34=256;KeyInList:/usr/lib/python3.12/logging/__init__.py:1708=73;KeyInList:/usr/lib/python3.12/logging/__init__.py:1719=32;KeyInList:/usr/lib/python3.12/enum.py:444=1455;KeyInList:/usr/lib/python3.12/typing.py:1862=54;KeyInList:/usr/lib/python3.12/functools.py:677=24;Pydocs_UselessFileOpen:/specs-new/Pydocs_UselessFileOpen.py:117=33,
20260217_231025,7bf0d239ff902f0f9ad958ddbdf1a2589f3dd4c3,c57f7970dc4de45d81603eb70995583b8e20f1d7,1720446698,Fix (global version) (#12),https://github.com/ecmwf/anemoi-core/compare/c57f7970dc4de45d81603eb70995583b8e20f1d7...7bf0d239ff902f0f9ad958ddbdf1a2589f3dd4c3,0,x,0,,0,,10,KeyInList:/specs-new/NLTK_NonterminalSymbolMutability.py:34=256;KeyInList:/usr/lib/python3.12/logging/__init__.py:1708=372;KeyInList:/usr/lib/python3.12/logging/__init__.py:1719=370;KeyInList:<frozen importlib._bootstrap>:488=161;KeyInList:/usr/lib/python3.12/encodings/__init__.py:144=2;KeyInList:/usr/lib/python3.12/typing.py:1862=5;KeyInList:/usr/lib/python3.12/warnings.py:194=72;KeyInList:/tests/edges/test_cutoff.py:22=1;KeyInList:/tests/edges/test_knn.py:22=1;File_MustClose:/lib/python3.12/site-packages/pythonmop/plugin_entry.py:522=2,10,KeyInList:/specs-new/NLTK_NonterminalSymbolMutability.py:34=256;KeyInList:/usr/lib/python3.12/logging/__init__.py:1708=372;KeyInList:/usr/lib/python3.12/logging/__init__.py:1719=370;KeyInList:<frozen importlib._bootstrap>:488=161;KeyInList:/usr/lib/python3.12/encodings/__init__.py:144=2;KeyInList:/usr/lib/python3.12/typing.py:1862=5;KeyInList:/usr/lib/python3.12/warnings.py:194=70;KeyInList:/tests/edges/test_cutoff.py:22=1;KeyInList:/tests/edges/test_knn.py:22=1;File_MustClose:/lib/python3.12/site-packages/pythonmop/plugin_entry.py:522=4,
20260217_231025,6451902d54d61db91af3adc9519b41d2d666a779,7bf0d239ff902f0f9ad958ddbdf1a2589f3dd4c3,1720528311,fix: config nodes name,https://github.com/ecmwf/anemoi-core/compare/7bf0d239ff902f0f9ad958ddbdf1a2589f3dd4c3...6451902d54d61db91af3adc9519b41d2d666a779,2,x,0,,1,File_MustClose:/lib/python3.12/site-packages/pythonmop/plugin_entry.py:522,9,KeyInList:/specs-new/NLTK_NonterminalSymbolMutability.py:34=256;KeyInList:/usr/lib/python3.12/logging/__init__.py:1708=372;KeyInList:/usr/lib/python3.12/logging/__init__.py:1719=370;KeyInList:<frozen importlib._bootstrap>:488=161;KeyInList:/usr/lib/python3.12/encodings/__init__.py:144=2;KeyInList:/usr/lib/python3.12/typing.py:1862=5;KeyInList:/usr/lib/python3.12/warnings.py:194=90;KeyInList:/tests/edges/test_cutoff.py:22=1;KeyInList:/tests/edges/test_knn.py:22=1,10,KeyInList:/specs-new/NLTK_NonterminalSymbolMutability.py:34=256;KeyInList:/usr/lib/python3.12/logging/__init__.py:1708=372;KeyInList:/usr/lib/python3.12/logging/__init__.py:1719=370;KeyInList:<frozen importlib._bootstrap>:488=161;KeyInList:/usr/lib/python3.12/encodings/__init__.py:144=2;KeyInList:/usr/lib/python3.12/typing.py:1862=5;KeyInList:/usr/lib/python3.12/warnings.py:194=72;KeyInList:/tests/edges/test_cutoff.py:22=1;KeyInList:/tests/edges/test_knn.py:22=1;File_MustClose:/lib/python3.12/site-packages/pythonmop/plugin_entry.py:522=2,
20260217_231025,746ea2b3831fb42b00af44ee1ae4ba2ad04f2b8c,6451902d54d61db91af3adc9519b41d2d666a779,1721917915,6 generate graphs from icosahedral meshes (#11),https://github.com/ecmwf/anemoi-core/compare/6451902d54d61db91af3adc9519b41d2d666a779...746ea2b3831fb42b00af44ee1ae4ba2ad04f2b8c,11,x,6,KeyInList:/usr/lib/python3.12/enum.py:444;KeyInList:/tests/edges/test_icosahedral_edges.py:51;KeyInList:/tests/edges/test_icosahedral_edges.py:58;KeyInList:/tests/edges/test_multiscale_edges.py:51;KeyInList:/tests/edges/test_multiscale_edges.py:58;File_MustClose:/lib/python3.12/site-packages/pythonmop/plugin_entry.py:522,0,,15,KeyInList:/specs-new/NLTK_NonterminalSymbolMutability.py:34=256;KeyInList:/usr/lib/python3.12/logging/__init__.py:1708=528;KeyInList:/usr/lib/python3.12/logging/__init__.py:1719=526;KeyInList:/usr/lib/python3.12/enum.py:444=10;KeyInList:<frozen importlib._bootstrap>:488=161;KeyInList:/usr/lib/python3.12/typing.py:1862=5;KeyInList:/usr/lib/python3.12/encodings/__init__.py:144=2;KeyInList:/usr/lib/python3.12/warnings.py:194=126;KeyInList:/tests/edges/test_cutoff.py:22=1;KeyInList:/tests/edges/test_icosahedral_edges.py:51=1;KeyInList:/tests/edges/test_icosahedral_edges.py:58=1;KeyInList:/tests/edges/test_knn.py:22=1;KeyInList:/tests/edges/test_multiscale_edges.py:51=1;KeyInList:/tests/edges/test_multiscale_edges.py:58=1;File_MustClose:/lib/python3.12/site-packages/pythonmop/plugin_entry.py:522=2,9,KeyInList:/specs-new/NLTK_NonterminalSymbolMutability.py:34=256;KeyInList:/usr/lib/python3.12/logging/__init__.py:1708=372;KeyInList:/usr/lib/python3.12/logging/__init__.py:1719=370;KeyInList:<frozen importlib._bootstrap>:488=161;KeyInList:/usr/lib/python3.12/encodings/__init__.py:144=2;KeyInList:/usr/lib/python3.12/typing.py:1862=5;KeyInList:/usr/lib/python3.12/warnings.py:194=90;KeyInList:/tests/edges/test_cutoff.py:22=1;KeyInList:/tests/edges/test_knn.py:22=1,
20260217_231025,7fd9c74e0dbb0d43e193f304a51c9bc61c7c0011,746ea2b3831fb42b00af44ee1ae4ba2ad04f2b8c,1722000710,Clean nodes after building the graph (#23),https://github.com/ecmwf/anemoi-core/compare/746ea2b3831fb42b00af44ee1ae4ba2ad04f2b8c...7fd9c74e0dbb0d43e193f304a51c9bc61c7c0011,9,x,0,,3,KeyInList:/tests/edges/test_icosahedral_edges.py:51;KeyInList:/tests/edges/test_icosahedral_edges.py:58;File_MustClose:/lib/python3.12/site-packages/pythonmop/plugin_entry.py:522,12,KeyInList:/specs-new/NLTK_NonterminalSymbolMutability.py:34=256;KeyInList:/usr/lib/python3.12/logging/__init__.py:1708=474;KeyInList:/usr/lib/python3.12/logging/__init__.py:1719=472;KeyInList:/usr/lib/python3.12/enum.py:444=10;KeyInList:<frozen importlib._bootstrap>:488=161;KeyInList:/usr/lib/python3.12/typing.py:1862=5;KeyInList:/usr/lib/python3.12/encodings/__init__.py:144=2;KeyInList:/usr/lib/python3.12/warnings.py:194=72;KeyInList:/tests/edges/test_cutoff.py:22=1;KeyInList:/tests/edges/test_knn.py:22=1;KeyInList:/tests/edges/test_multiscale_edges.py:51=1;KeyInList:/tests/edges/test_multiscale_edges.py:58=1,15,KeyInList:/specs-new/NLTK_NonterminalSymbolMutability.py:34=256;KeyInList:/usr/lib/python3.12/logging/__init__.py:1708=528;KeyInList:/usr/lib/python3.12/logging/__init__.py:1719=526;KeyInList:/usr/lib/python3.12/enum.py:444=10;KeyInList:<frozen importlib._bootstrap>:488=161;KeyInList:/usr/lib/python3.12/typing.py:1862=5;KeyInList:/usr/lib/python3.12/encodings/__init__.py:144=2;KeyInList:/usr/lib/python3.12/warnings.py:194=126;KeyInList:/tests/edges/test_cutoff.py:22=1;KeyInList:/tests/edges/test_icosahedral_edges.py:51=1;KeyInList:/tests/edges/test_icosahedral_edges.py:58=1;KeyInList:/tests/edges/test_knn.py:22=1;KeyInList:/tests/edges/test_multiscale_edges.py:51=1;KeyInList:/tests/edges/test_multiscale_edges.py:58=1;File_MustClose:/lib/python3.12/site-packages/pythonmop/plugin_entry.py:522=2,KeyInList:/tests/edges/test_multiscale_edges.py:51<=KeyInList:/tests/edges/test_multiscale_edges.py:51;KeyInList:/tests/edges/test_multiscale_edges.py:58<=KeyInList:/tests/edges/test_multiscale_edges.py:58
20260217_231025,a34cb8b26748844a0b704c6eb14c8f8c69536d6b,7fd9c74e0dbb0d43e193f304a51c9bc61c7c0011,1722006694,Use anemoi-graphs HeteroData (#8),https://github.com/ecmwf/anemoi-core/compare/7fd9c74e0dbb0d43e193f304a51c9bc61c7c0011...a34cb8b26748844a0b704c6eb14c8f8c69536d6b,79,x,3,KeyInList:/usr/lib/python3.12/typing.py:286;KeyInList:/usr/lib/python3.12/typing.py:290;KeyInList:/usr/lib/python3.12/functools.py:677,6,KeyInList:<frozen importlib._bootstrap>:488;KeyInList:/usr/lib/python3.12/warnings.py:194;KeyInList:/tests/edges/test_cutoff.py:22;KeyInList:/tests/edges/test_knn.py:22;KeyInList:/tests/edges/test_multiscale_edges.py:51;KeyInList:/tests/edges/test_multiscale_edges.py:58,9,KeyInList:/specs-new/NLTK_NonterminalSymbolMutability.py:34=256;KeyInList:/usr/lib/python3.12/logging/__init__.py:1708=736;KeyInList:/usr/lib/python3.12/logging/__init__.py:1719=696;KeyInList:/usr/lib/python3.12/typing.py:286=2;KeyInList:/usr/lib/python3.12/typing.py:290=2;KeyInList:/usr/lib/python3.12/enum.py:444=618;KeyInList:/usr/lib/python3.12/typing.py:1862=34;KeyInList:/usr/lib/python3.12/functools.py:677=12;KeyInList:/usr/lib/python3.12/encodings/__init__.py:144=1,12,KeyInList:/specs-new/NLTK_NonterminalSymbolMutability.py:34=256;KeyInList:/usr/lib/python3.12/logging/__init__.py:1708=474;KeyInList:/usr/lib/python3.12/logging/__init__.py:1719=472;KeyInList:/usr/lib/python3.12/enum.py:444=10;KeyInList:<frozen importlib._bootstrap>:488=161;KeyInList:/usr/lib/python3.12/typing.py:1862=5;KeyInList:/usr/lib/python3.12/encodings/__init__.py:144=2;KeyInList:/usr/lib/python3.12/warnings.py:194=72;KeyInList:/tests/edges/test_cutoff.py:22=1;KeyInList:/tests/edges/test_knn.py:22=1;KeyInList:/tests/edges/test_multiscale_edges.py:51=1;KeyInList:/tests/edges/test_multiscale_edges.py:58=1,
20260217_231026,af4d9dce93a7bc2f76b295e5e7762344fcd0671b,a34cb8b26748844a0b704c6eb14c8f8c69536d6b,1723195318,Update error messages from invalid sub_graph in model instantiation (#20),https://github.com/ecmwf/anemoi-core/compare/a34cb8b26748844a0b704c6eb14c8f8c69536d6b...af4d9dce93a7bc2f76b295e5e7762344fcd0671b,1,x,0,,0,,9,KeyInList:/specs-new/NLTK_NonterminalSymbolMutability.py:34=256;KeyInList:/usr/lib/python3.12/logging/__init__.py:1708=736;KeyInList:/usr/lib/python3.12/logging/__init__.py:1719=696;KeyInList:/usr/lib/python3.12/typing.py:286=2;KeyInList:/usr/lib/python3.12/typing.py:290=2;KeyInList:/usr/lib/python3.12/enum.py:444=618;KeyInList:/usr/lib/python3.12/typing.py:1862=34;KeyInList:/usr/lib/python3.12/functools.py:677=12;KeyInList:/usr/lib/python3.12/encodings/__init__.py:144=1,9,KeyInList:/specs-new/NLTK_NonterminalSymbolMutability.py:34=256;KeyInList:/usr/lib/python3.12/logging/__init__.py:1708=736;KeyInList:/usr/lib/python3.12/logging/__init__.py:1719=696;KeyInList:/usr/lib/python3.12/typing.py:286=2;KeyInList:/usr/lib/python3.12/typing.py:290=2;KeyInList:/usr/lib/python3.12/enum.py:444=618;KeyInList:/usr/lib/python3.12/typing.py:1862=34;KeyInList:/usr/lib/python3.12/functools.py:677=12;KeyInList:/usr/lib/python3.12/encodings/__init__.py:144=1,
20260217_231026,5c75822932ef688fc3c823166f028931da79d5c1,af4d9dce93a7bc2f76b295e5e7762344fcd0671b,1725546506,feat: make model instantiateable (#29),https://github.com/ecmwf/anemoi-core/compare/af4d9dce93a7bc2f76b295e5e7762344fcd0671b...5c75822932ef688fc3c823166f028931da79d5c1,1,x,0,,0,,9,KeyInList:/specs-new/NLTK_NonterminalSymbolMutability.py:34=256;KeyInList:/usr/lib/python3.12/logging/__init__.py:1708=736;KeyInList:/usr/lib/python3.12/logging/__init__.py:1719=696;KeyInList:/usr/lib/python3.12/typing.py:286=2;KeyInList:/usr/lib/python3.12/typing.py:290=2;KeyInList:/usr/lib/python3.12/enum.py:444=618;KeyInList:/usr/lib/python3.12/typing.py:1862=34;KeyInList:/usr/lib/python3.12/functools.py:677=12;KeyInList:/usr/lib/python3.12/encodings/__init__.py:144=1,9,KeyInList:/specs-new/NLTK_NonterminalSymbolMutability.py:34=256;KeyInList:/usr/lib/python3.12/logging/__init__.py:1708=736;KeyInList:/usr/lib/python3.12/logging/__init__.py:1719=696;KeyInList:/usr/lib/python3.12/typing.py:286=2;KeyInList:/usr/lib/python3.12/typing.py:290=2;KeyInList:/usr/lib/python3.12/enum.py:444=618;KeyInList:/usr/lib/python3.12/typing.py:1862=34;KeyInList:/usr/lib/python3.12/functools.py:677=12;KeyInList:/usr/lib/python3.12/encodings/__init__.py:144=1,
20260217_231026,4f1de8148049bcb41a1ed22ffb591a13f15bb75c,5c75822932ef688fc3c823166f028931da79d5c1,1725631557,"Revert ""feat: make model instantiateable (#29)"" (#31)",https://github.com/ecmwf/anemoi-core/compare/5c75822932ef688fc3c823166f028931da79d5c1...4f1de8148049bcb41a1ed22ffb591a13f15bb75c,1,x,0,,0,,9,KeyInList:/specs-new/NLTK_NonterminalSymbolMutability.py:34=256;KeyInList:/usr/lib/python3.12/logging/__init__.py:1708=736;KeyInList:/usr/lib/python3.12/logging/__init__.py:1719=696;KeyInList:/usr/lib/python3.12/typing.py:286=2;KeyInList:/usr/lib/python3.12/typing.py:290=2;KeyInList:/usr/lib/python3.12/enum.py:444=618;KeyInList:/usr/lib/python3.12/typing.py:1862=34;KeyInList:/usr/lib/python3.12/functools.py:677=12;KeyInList:/usr/lib/python3.12/encodings/__init__.py:144=1,9,KeyInList:/specs-new/NLTK_NonterminalSymbolMutability.py:34=256;KeyInList:/usr/lib/python3.12/logging/__init__.py:1708=736;KeyInList:/usr/lib/python3.12/logging/__init__.py:1719=696;KeyInList:/usr/lib/python3.12/typing.py:286=2;KeyInList:/usr/lib/python3.12/typing.py:290=2;KeyInList:/usr/lib/python3.12/enum.py:444=618;KeyInList:/usr/lib/python3.12/typing.py:1862=34;KeyInList:/usr/lib/python3.12/functools.py:677=12;KeyInList:/usr/lib/python3.12/encodings/__init__.py:144=1,
20260217_231026,79fd11a7e0cb1e0906f51f737637ad23f16d2be0,4f1de8148049bcb41a1ed22ffb591a13f15bb75c,1725969957,fix: data indices import. typo documentation (#34),https://github.com/ecmwf/anemoi-core/compare/4f1de8148049bcb41a1ed22ffb591a13f15bb75c...79fd11a7e0cb1e0906f51f737637ad23f16d2be0,11,x,0,,0,,9,KeyInList:/specs-new/NLTK_NonterminalSymbolMutability.py:34=256;KeyInList:/usr/lib/python3.12/logging/__init__.py:1708=772;KeyInList:/usr/lib/python3.12/logging/__init__.py:1719=732;KeyInList:/usr/lib/python3.12/typing.py:286=2;KeyInList:/usr/lib/python3.12/typing.py:290=2;KeyInList:/usr/lib/python3.12/enum.py:444=618;KeyInList:/usr/lib/python3.12/typing.py:1862=34;KeyInList:/usr/lib/python3.12/functools.py:677=12;KeyInList:/usr/lib/python3.12/encodings/__init__.py:144=1,9,KeyInList:/specs-new/NLTK_NonterminalSymbolMutability.py:34=256;KeyInList:/usr/lib/python3.12/logging/__init__.py:1708=736;KeyInList:/usr/lib/python3.12/logging/__init__.py:1719=696;KeyInList:/usr/lib/python3.12/typing.py:286=2;KeyInList:/usr/lib/python3.12/typing.py:290=2;KeyInList:/usr/lib/python3.12/enum.py:444=618;KeyInList:/usr/lib/python3.12/typing.py:1862=34;KeyInList:/usr/lib/python3.12/functools.py:677=12;KeyInList:/usr/lib/python3.12/encodings/__init__.py:144=1,
20260217_231026,b4d72f1d10117de0b050c7a43c8665c53dee289e,79fd11a7e0cb1e0906f51f737637ad23f16d2be0,1726067645,Fix: make remapper config object optional (#36),https://github.com/ecmwf/anemoi-core/compare/79fd11a7e0cb1e0906f51f737637ad23f16d2be0...b4d72f1d10117de0b050c7a43c8665c53dee289e,1,x,0,,0,,9,KeyInList:/specs-new/NLTK_NonterminalSymbolMutability.py:34=256;KeyInList:/usr/lib/python3.12/logging/__init__.py:1708=772;KeyInList:/usr/lib/python3.12/logging/__init__.py:1719=732;KeyInList:/usr/lib/python3.12/typing.py:286=2;KeyInList:/usr/lib/python3.12/typing.py:290=2;KeyInList:/usr/lib/python3.12/enum.py:444=618;KeyInList:/usr/lib/python3.12/typing.py:1862=34;KeyInList:/usr/lib/python3.12/functools.py:677=12;KeyInList:/usr/lib/python3.12/encodings/__init__.py:144=1,9,KeyInList:/specs-new/NLTK_NonterminalSymbolMutability.py:34=256;KeyInList:/usr/lib/python3.12/logging/__init__.py:1708=772;KeyInList:/usr/lib/python3.12/logging/__init__.py:1719=732;KeyInList:/usr/lib/python3.12/typing.py:286=2;KeyInList:/usr/lib/python3.12/typing.py:290=2;KeyInList:/usr/lib/python3.12/enum.py:444=618;KeyInList:/usr/lib/python3.12/typing.py:1862=34;KeyInList:/usr/lib/python3.12/functools.py:677=12;KeyInList:/usr/lib/python3.12/encodings/__init__.py:144=1,
20260217_231026,90ef59c2abb41b74a273b6b8863a64bdb26fc7b6,b4d72f1d10117de0b050c7a43c8665c53dee289e,1727096109,activation functions added for bounded outputs (#14),https://github.com/ecmwf/anemoi-core/compare/b4d72f1d10117de0b050c7a43c8665c53dee289e...90ef59c2abb41b74a273b6b8863a64bdb26fc7b6,14,x,0,,0,,9,KeyInList:/specs-new/NLTK_NonterminalSymbolMutability.py:34=256;KeyInList:/usr/lib/python3.12/logging/__init__.py:1708=814;KeyInList:/usr/lib/python3.12/logging/__init__.py:1719=774;KeyInList:/usr/lib/python3.12/typing.py:286=2;KeyInList:/usr/lib/python3.12/typing.py:290=2;KeyInList:/usr/lib/python3.12/enum.py:444=618;KeyInList:/usr/lib/python3.12/typing.py:1862=34;KeyInList:/usr/lib/python3.12/functools.py:677=12;KeyInList:/usr/lib/python3.12/encodings/__init__.py:144=1,9,KeyInList:/specs-new/NLTK_NonterminalSymbolMutability.py:34=256;KeyInList:/usr/lib/python3.12/logging/__init__.py:1708=772;KeyInList:/usr/lib/python3.12/logging/__init__.py:1719=732;KeyInList:/usr/lib/python3.12/typing.py:286=2;KeyInList:/usr/lib/python3.12/typing.py:290=2;KeyInList:/usr/lib/python3.12/enum.py:444=618;KeyInList:/usr/lib/python3.12/typing.py:1862=34;KeyInList:/usr/lib/python3.12/functools.py:677=12;KeyInList:/usr/lib/python3.12/encodings/__init__.py:144=1,
20260217_231026,e608a736fe0fa6d01a8a11a2c96072e116c2877a,90ef59c2abb41b74a273b6b8863a64bdb26fc7b6,1727103134,[Feature] 28 Make models switchable through the config (#45),https://github.com/ecmwf/anemoi-core/compare/90ef59c2abb41b74a273b6b8863a64bdb26fc7b6...e608a736fe0fa6d01a8a11a2c96072e116c2877a,2,x,0,,0,,9,KeyInList:/specs-new/NLTK_NonterminalSymbolMutability.py:34=256;KeyInList:/usr/lib/python3.12/logging/__init__.py:1708=814;KeyInList:/usr/lib/python3.12/logging/__init__.py:1719=774;KeyInList:/usr/lib/python3.12/typing.py:286=2;KeyInList:/usr/lib/python3.12/typing.py:290=2;KeyInList:/usr/lib/python3.12/enum.py:444=618;KeyInList:/usr/lib/python3.12/typing.py:1862=34;KeyInList:/usr/lib/python3.12/functools.py:677=12;KeyInList:/usr/lib/python3.12/encodings/__init__.py:144=1,9,KeyInList:/specs-new/NLTK_NonterminalSymbolMutability.py:34=256;KeyInList:/usr/lib/python3.12/logging/__init__.py:1708=814;KeyInList:/usr/lib/python3.12/logging/__init__.py:1719=774;KeyInList:/usr/lib/python3.12/typing.py:286=2;KeyInList:/usr/lib/python3.12/typing.py:290=2;KeyInList:/usr/lib/python3.12/enum.py:444=618;KeyInList:/usr/lib/python3.12/typing.py:1862=34;KeyInList:/usr/lib/python3.12/functools.py:677=12;KeyInList:/usr/lib/python3.12/encodings/__init__.py:144=1,
20260217_231026,f96bcf9ea4f76718ed7952c8d269f93cb759b099,e608a736fe0fa6d01a8a11a2c96072e116c2877a,1727874005,Feature/mapper chunking (#46),https://github.com/ecmwf/anemoi-core/compare/e608a736fe0fa6d01a8a11a2c96072e116c2877a...f96bcf9ea4f76718ed7952c8d269f93cb759b099,7,x,0,,0,,9,KeyInList:/specs-new/NLTK_NonterminalSymbolMutability.py:34=256;KeyInList:/usr/lib/python3.12/logging/__init__.py:1708=820;KeyInList:/usr/lib/python3.12/logging/__init__.py:1719=780;KeyInList:/usr/lib/python3.12/typing.py:286=2;KeyInList:/usr/lib/python3.12/typing.py:290=2;KeyInList:/usr/lib/python3.12/enum.py:444=618;KeyInList:/usr/lib/python3.12/typing.py:1862=34;KeyInList:/usr/lib/python3.12/functools.py:677=12;KeyInList:/usr/lib/python3.12/encodings/__init__.py:144=1,9,KeyInList:/specs-new/NLTK_NonterminalSymbolMutability.py:34=256;KeyInList:/usr/lib/python3.12/logging/__init__.py:1708=814;KeyInList:/usr/lib/python3.12/logging/__init__.py:1719=774;KeyInList:/usr/lib/python3.12/typing.py:286=2;KeyInList:/usr/lib/python3.12/typing.py:290=2;KeyInList:/usr/lib/python3.12/enum.py:444=618;KeyInList:/usr/lib/python3.12/typing.py:1862=34;KeyInList:/usr/lib/python3.12/functools.py:677=12;KeyInList:/usr/lib/python3.12/encodings/__init__.py:144=1,
20260217_231026,88d88dd7badac606a83065aa9cbf638c8a5184cd,f96bcf9ea4f76718ed7952c8d269f93cb759b099,1728574385,add link to transform,https://github.com/ecmwf/anemoi-core/compare/f96bcf9ea4f76718ed7952c8d269f93cb759b099...88d88dd7badac606a83065aa9cbf638c8a5184cd,1,x,0,,0,,9,KeyInList:/specs-new/NLTK_NonterminalSymbolMutability.py:34=256;KeyInList:/usr/lib/python3.12/logging/__init__.py:1708=820;KeyInList:/usr/lib/python3.12/logging/__init__.py:1719=780;KeyInList:/usr/lib/python3.12/typing.py:286=2;KeyInList:/usr/lib/python3.12/typing.py:290=2;KeyInList:/usr/lib/python3.12/enum.py:444=618;KeyInList:/usr/lib/python3.12/typing.py:1862=34;KeyInList:/usr/lib/python3.12/functools.py:677=12;KeyInList:/usr/lib/python3.12/encodings/__init__.py:144=1,9,KeyInList:/specs-new/NLTK_NonterminalSymbolMutability.py:34=256;KeyInList:/usr/lib/python3.12/logging/__init__.py:1708=820;KeyInList:/usr/lib/python3.12/logging/__init__.py:1719=780;KeyInList:/usr/lib/python3.12/typing.py:286=2;KeyInList:/usr/lib/python3.12/typing.py:290=2;KeyInList:/usr/lib/python3.12/enum.py:444=618;KeyInList:/usr/lib/python3.12/typing.py:1862=34;KeyInList:/usr/lib/python3.12/functools.py:677=12;KeyInList:/usr/lib/python3.12/encodings/__init__.py:144=1,
20260217_231026,c5dbb1646a130e7424302c8ea96e38be1d9b3e02,88d88dd7badac606a83065aa9cbf638c8a5184cd,1729452809,[pre-commit.ci] auto fixes from pre-commit.com hooks,https://github.com/ecmwf/anemoi-core/compare/88d88dd7badac606a83065aa9cbf638c8a5184cd...c5dbb1646a130e7424302c8ea96e38be1d9b3e02,1,x,0,,0,,9,KeyInList:/specs-new/NLTK_NonterminalSymbolMutability.py:34=256;KeyInList:/usr/lib/python3.12/logging/__init__.py:1708=820;KeyInList:/usr/lib/python3.12/logging/__init__.py:1719=780;KeyInList:/usr/lib/python3.12/typing.py:286=2;KeyInList:/usr/lib/python3.12/typing.py:290=2;KeyInList:/usr/lib/python3.12/enum.py:444=618;KeyInList:/usr/lib/python3.12/typing.py:1862=34;KeyInList:/usr/lib/python3.12/functools.py:677=12;KeyInList:/usr/lib/python3.12/encodings/__init__.py:144=1,9,KeyInList:/specs-new/NLTK_NonterminalSymbolMutability.py:34=256;KeyInList:/usr/lib/python3.12/logging/__init__.py:1708=820;KeyInList:/usr/lib/python3.12/logging/__init__.py:1719=780;KeyInList:/usr/lib/python3.12/typing.py:286=2;KeyInList:/usr/lib/python3.12/typing.py:290=2;KeyInList:/usr/lib/python3.12/enum.py:444=618;KeyInList:/usr/lib/python3.12/typing.py:1862=34;KeyInList:/usr/lib/python3.12/functools.py:677=12;KeyInList:/usr/lib/python3.12/encodings/__init__.py:144=1,
20260217_231026,9dc1d7950b598689f8b148692c5088851f16ac2d,c5dbb1646a130e7424302c8ea96e38be1d9b3e02,1729850704,Fix __version__ import  - Use standard try-except,https://github.com/ecmwf/anemoi-core/compare/c5dbb1646a130e7424302c8ea96e38be1d9b3e02...9dc1d7950b598689f8b148692c5088851f16ac2d,48,x,0,,0,,9,KeyInList:/specs-new/NLTK_NonterminalSymbolMutability.py:34=256;KeyInList:/usr/lib/python3.12/logging/__init__.py:1708=820;KeyInList:/usr/lib/python3.12/logging/__init__.py:1719=780;KeyInList:/usr/lib/python3.12/typing.py:286=2;KeyInList:/usr/lib/python3.12/typing.py:290=2;KeyInList:/usr/lib/python3.12/enum.py:444=618;KeyInList:/usr/lib/python3.12/typing.py:1862=34;KeyInList:/usr/lib/python3.12/functools.py:677=12;KeyInList:/usr/lib/python3.12/encodings/__init__.py:144=1,9,KeyInList:/specs-new/NLTK_NonterminalSymbolMutability.py:34=256;KeyInList:/usr/lib/python3.12/logging/__init__.py:1708=820;KeyInList:/usr/lib/python3.12/logging/__init__.py:1719=780;KeyInList:/usr/lib/python3.12/typing.py:286=2;KeyInList:/usr/lib/python3.12/typing.py:290=2;KeyInList:/usr/lib/python3.12/enum.py:444=618;KeyInList:/usr/lib/python3.12/typing.py:1862=34;KeyInList:/usr/lib/python3.12/functools.py:677=12;KeyInList:/usr/lib/python3.12/encodings/__init__.py:144=1,
20260217_231026,8874571592529e1e4d73278503459151f37207d0,9dc1d7950b598689f8b148692c5088851f16ac2d,1731340582,Refactor node attributes (#64),https://github.com/ecmwf/anemoi-core/compare/9dc1d7950b598689f8b148692c5088851f16ac2d...8874571592529e1e4d73278503459151f37207d0,4,x,0,,0,,9,KeyInList:/specs-new/NLTK_NonterminalSymbolMutability.py:34=256;KeyInList:/usr/lib/python3.12/logging/__init__.py:1708=838;KeyInList:/usr/lib/python3.12/logging/__init__.py:1719=798;KeyInList:/usr/lib/python3.12/typing.py:286=2;KeyInList:/usr/lib/python3.12/typing.py:290=2;KeyInList:/usr/lib/python3.12/enum.py:444=618;KeyInList:/usr/lib/python3.12/typing.py:1862=34;KeyInList:/usr/lib/python3.12/functools.py:677=12;KeyInList:/usr/lib/python3.12/encodings/__init__.py:144=1,9,KeyInList:/specs-new/NLTK_NonterminalSymbolMutability.py:34=256;KeyInList:/usr/lib/python3.12/logging/__init__.py:1708=820;KeyInList:/usr/lib/python3.12/logging/__init__.py:1719=780;KeyInList:/usr/lib/python3.12/typing.py:286=2;KeyInList:/usr/lib/python3.12/typing.py:290=2;KeyInList:/usr/lib/python3.12/enum.py:444=618;KeyInList:/usr/lib/python3.12/typing.py:1862=34;KeyInList:/usr/lib/python3.12/functools.py:677=12;KeyInList:/usr/lib/python3.12/encodings/__init__.py:144=1,
20260217_231026,f7ce0937171a581dda473b3cdfc7c6e37e9f0b35,8874571592529e1e4d73278503459151f37207d0,1732192974,typo,https://github.com/ecmwf/anemoi-core/compare/8874571592529e1e4d73278503459151f37207d0...f7ce0937171a581dda473b3cdfc7c6e37e9f0b35,11,x,0,,0,,9,KeyInList:/specs-new/NLTK_NonterminalSymbolMutability.py:34=256;KeyInList:/usr/lib/python3.12/logging/__init__.py:1708=838;KeyInList:/usr/lib/python3.12/logging/__init__.py:1719=798;KeyInList:/usr/lib/python3.12/typing.py:286=2;KeyInList:/usr/lib/python3.12/typing.py:290=2;KeyInList:/usr/lib/python3.12/enum.py:444=618;KeyInList:/usr/lib/python3.12/typing.py:1862=34;KeyInList:/usr/lib/python3.12/functools.py:677=12;KeyInList:/usr/lib/python3.12/encodings/__init__.py:144=1,9,KeyInList:/specs-new/NLTK_NonterminalSymbolMutability.py:34=256;KeyInList:/usr/lib/python3.12/logging/__init__.py:1708=838;KeyInList:/usr/lib/python3.12/logging/__init__.py:1719=798;KeyInList:/usr/lib/python3.12/typing.py:286=2;KeyInList:/usr/lib/python3.12/typing.py:290=2;KeyInList:/usr/lib/python3.12/enum.py:444=618;KeyInList:/usr/lib/python3.12/typing.py:1862=34;KeyInList:/usr/lib/python3.12/functools.py:677=12;KeyInList:/usr/lib/python3.12/encodings/__init__.py:144=1,
20260217_231026,a81ab4e74249e97b3a180767591a4e9779fe457e,f7ce0937171a581dda473b3cdfc7c6e37e9f0b35,1732193981,[pre-commit.ci] auto fixes from pre-commit.com hooks,https://github.com/ecmwf/anemoi-core/compare/f7ce0937171a581dda473b3cdfc7c6e37e9f0b35...a81ab4e74249e97b3a180767591a4e9779fe457e,1,x,0,,0,,9,KeyInList:/specs-new/NLTK_NonterminalSymbolMutability.py:34=256;KeyInList:/usr/lib/python3.12/logging/__init__.py:1708=838;KeyInList:/usr/lib/python3.12/logging/__init__.py:1719=798;KeyInList:/usr/lib/python3.12/typing.py:286=2;KeyInList:/usr/lib/python3.12/typing.py:290=2;KeyInList:/usr/lib/python3.12/enum.py:444=618;KeyInList:/usr/lib/python3.12/typing.py:1862=34;KeyInList:/usr/lib/python3.12/functools.py:677=12;KeyInList:/usr/lib/python3.12/encodings/__init__.py:144=1,9,KeyInList:/specs-new/NLTK_NonterminalSymbolMutability.py:34=256;KeyInList:/usr/lib/python3.12/logging/__init__.py:1708=838;KeyInList:/usr/lib/python3.12/logging/__init__.py:1719=798;KeyInList:/usr/lib/python3.12/typing.py:286=2;KeyInList:/usr/lib/python3.12/typing.py:290=2;KeyInList:/usr/lib/python3.12/enum.py:444=618;KeyInList:/usr/lib/python3.12/typing.py:1862=34;KeyInList:/usr/lib/python3.12/functools.py:677=12;KeyInList:/usr/lib/python3.12/encodings/__init__.py:144=1,
20260217_231026,fd2bcf13aa2e275f537646fb322aa729d9636a73,a81ab4e74249e97b3a180767591a4e9779fe457e,1732274741,Feature/mask NaNs in training loss function (#56),https://github.com/ecmwf/anemoi-core/compare/a81ab4e74249e97b3a180767591a4e9779fe457e...fd2bcf13aa2e275f537646fb322aa729d9636a73,5,x,0,,0,,9,KeyInList:/specs-new/NLTK_NonterminalSymbolMutability.py:34=256;KeyInList:/usr/lib/python3.12/logging/__init__.py:1708=868;KeyInList:/usr/lib/python3.12/logging/__init__.py:1719=828;KeyInList:/usr/lib/python3.12/typing.py:286=2;KeyInList:/usr/lib/python3.12/typing.py:290=2;KeyInList:/usr/lib/python3.12/enum.py:444=618;KeyInList:/usr/lib/python3.12/typing.py:1862=34;KeyInList:/usr/lib/python3.12/functools.py:677=12;KeyInList:/usr/lib/python3.12/encodings/__init__.py:144=1,9,KeyInList:/specs-new/NLTK_NonterminalSymbolMutability.py:34=256;KeyInList:/usr/lib/python3.12/logging/__init__.py:1708=838;KeyInList:/usr/lib/python3.12/logging/__init__.py:1719=798;KeyInList:/usr/lib/python3.12/typing.py:286=2;KeyInList:/usr/lib/python3.12/typing.py:290=2;KeyInList:/usr/lib/python3.12/enum.py:444=618;KeyInList:/usr/lib/python3.12/typing.py:1862=34;KeyInList:/usr/lib/python3.12/functools.py:677=12;KeyInList:/usr/lib/python3.12/encodings/__init__.py:144=1,
20260217_231026,2ff080724906f98aeb63e1b4da90eaadbba3eb2d,fd2bcf13aa2e275f537646fb322aa729d9636a73,1733149233,Feature/hierarchical graphs (#37),https://github.com/ecmwf/anemoi-core/compare/fd2bcf13aa2e275f537646fb322aa729d9636a73...2ff080724906f98aeb63e1b4da90eaadbba3eb2d,3,x,0,,0,,9,KeyInList:/specs-new/NLTK_NonterminalSymbolMutability.py:34=256;KeyInList:/usr/lib/python3.12/logging/__init__.py:1708=868;KeyInList:/usr/lib/python3.12/logging/__init__.py:1719=828;KeyInList:/usr/lib/python3.12/typing.py:286=2;KeyInList:/usr/lib/python3.12/typing.py:290=2;KeyInList:/usr/lib/python3.12/enum.py:444=618;KeyInList:/usr/lib/python3.12/typing.py:1862=34;KeyInList:/usr/lib/python3.12/functools.py:677=12;KeyInList:/usr/lib/python3.12/encodings/__init__.py:144=1,9,KeyInList:/specs-new/NLTK_NonterminalSymbolMutability.py:34=256;KeyInList:/usr/lib/python3.12/logging/__init__.py:1708=868;KeyInList:/usr/lib/python3.12/logging/__init__.py:1719=828;KeyInList:/usr/lib/python3.12/typing.py:286=2;KeyInList:/usr/lib/python3.12/typing.py:290=2;KeyInList:/usr/lib/python3.12/enum.py:444=618;KeyInList:/usr/lib/python3.12/typing.py:1862=34;KeyInList:/usr/lib/python3.12/functools.py:677=12;KeyInList:/usr/lib/python3.12/encodings/__init__.py:144=1,
20260217_231026,f58124ee7b88fa658d341a2ad6d6064379826171,2ff080724906f98aeb63e1b4da90eaadbba3eb2d,1733397945,Feature/improved imputer (#89),https://github.com/ecmwf/anemoi-core/compare/2ff080724906f98aeb63e1b4da90eaadbba3eb2d...f58124ee7b88fa658d341a2ad6d6064379826171,1,x,0,,0,,9,KeyInList:/specs-new/NLTK_NonterminalSymbolMutability.py:34=256;KeyInList:/usr/lib/python3.12/logging/__init__.py:1708=868;KeyInList:/usr/lib/python3.12/logging/__init__.py:1719=828;KeyInList:/usr/lib/python3.12/typing.py:286=2;KeyInList:/usr/lib/python3.12/typing.py:290=2;KeyInList:/usr/lib/python3.12/enum.py:444=618;KeyInList:/usr/lib/python3.12/typing.py:1862=34;KeyInList:/usr/lib/python3.12/functools.py:677=12;KeyInList:/usr/lib/python3.12/encodings/__init__.py:144=1,9,KeyInList:/specs-new/NLTK_NonterminalSymbolMutability.py:34=256;KeyInList:/usr/lib/python3.12/logging/__init__.py:1708=868;KeyInList:/usr/lib/python3.12/logging/__init__.py:1719=828;KeyInList:/usr/lib/python3.12/typing.py:286=2;KeyInList:/usr/lib/python3.12/typing.py:290=2;KeyInList:/usr/lib/python3.12/enum.py:444=618;KeyInList:/usr/lib/python3.12/typing.py:1862=34;KeyInList:/usr/lib/python3.12/functools.py:677=12;KeyInList:/usr/lib/python3.12/encodings/__init__.py:144=1,
20260217_231026,489a24150db2800222236c8fe5a650310e34f384,f58124ee7b88fa658d341a2ad6d6064379826171,1734595254,Feature/flexible remappers (#88),https://github.com/ecmwf/anemoi-core/compare/f58124ee7b88fa658d341a2ad6d6064379826171...489a24150db2800222236c8fe5a650310e34f384,8,x,0,,0,,9,KeyInList:/specs-new/NLTK_NonterminalSymbolMutability.py:34=256;KeyInList:/usr/lib/python3.12/logging/__init__.py:1708=886;KeyInList:/usr/lib/python3.12/logging/__init__.py:1719=846;KeyInList:/usr/lib/python3.12/typing.py:286=2;KeyInList:/usr/lib/python3.12/typing.py:290=2;KeyInList:/usr/lib/python3.12/enum.py:444=618;KeyInList:/usr/lib/python3.12/typing.py:1862=34;KeyInList:/usr/lib/python3.12/functools.py:677=12;KeyInList:/usr/lib/python3.12/encodings/__init__.py:144=1,9,KeyInList:/specs-new/NLTK_NonterminalSymbolMutability.py:34=256;KeyInList:/usr/lib/python3.12/logging/__init__.py:1708=868;KeyInList:/usr/lib/python3.12/logging/__init__.py:1719=828;KeyInList:/usr/lib/python3.12/typing.py:286=2;KeyInList:/usr/lib/python3.12/typing.py:290=2;KeyInList:/usr/lib/python3.12/enum.py:444=618;KeyInList:/usr/lib/python3.12/typing.py:1862=34;KeyInList:/usr/lib/python3.12/functools.py:677=12;KeyInList:/usr/lib/python3.12/encodings/__init__.py:144=1,
