timestamp,current_commit_sha,parent_commit_sha,current_commit_timestamp,current_commit_message,github_url,num_python_file_changed,coverage,num_new_violations,new_violations,num_old_violations,old_violations,num_current_violations,current_violations,num_parent_violations,parent_violations
20251229_104329,4613a65459eb0e6aa358ed25760bac20d4c94237,,1729928453,üöß add main entrance and userdb api...,,,x,3,KeyInList:/specs-new/NLTK_NonterminalSymbolMutability.py:34;KeyInList:/usr/lib/python3.12/logging/__init__.py:1708;KeyInList:/usr/lib/python3.12/logging/__init__.py:1719,0,,3,KeyInList:/specs-new/NLTK_NonterminalSymbolMutability.py:34=256;KeyInList:/usr/lib/python3.12/logging/__init__.py:1708=8;KeyInList:/usr/lib/python3.12/logging/__init__.py:1719=6,0,
20251229_104329,d448e9a7371c3091ec6c757c03c0a25b7662091f,4613a65459eb0e6aa358ed25760bac20d4c94237,1729928602,üöß add misc db,https://github.com/JackyLee3362/wemo/compare/4613a65459eb0e6aa358ed25760bac20d4c94237...d448e9a7371c3091ec6c757c03c0a25b7662091f,1,x,0,,0,,3,KeyInList:/specs-new/NLTK_NonterminalSymbolMutability.py:34=256;KeyInList:/usr/lib/python3.12/logging/__init__.py:1708=8;KeyInList:/usr/lib/python3.12/logging/__init__.py:1719=6,3,KeyInList:/specs-new/NLTK_NonterminalSymbolMutability.py:34=256;KeyInList:/usr/lib/python3.12/logging/__init__.py:1708=8;KeyInList:/usr/lib/python3.12/logging/__init__.py:1719=6
20251229_104329,95fc501a1879b476f334679563d4f8804f975a56,d448e9a7371c3091ec6c757c03c0a25b7662091f,1729928626,‚úÖ add misc db test,https://github.com/JackyLee3362/wemo/compare/d448e9a7371c3091ec6c757c03c0a25b7662091f...95fc501a1879b476f334679563d4f8804f975a56,1,x,0,,0,,3,KeyInList:/specs-new/NLTK_NonterminalSymbolMutability.py:34=256;KeyInList:/usr/lib/python3.12/logging/__init__.py:1708=8;KeyInList:/usr/lib/python3.12/logging/__init__.py:1719=6,3,KeyInList:/specs-new/NLTK_NonterminalSymbolMutability.py:34=256;KeyInList:/usr/lib/python3.12/logging/__init__.py:1708=8;KeyInList:/usr/lib/python3.12/logging/__init__.py:1719=6
20251229_104329,5eb291c55f29736bc158318be0bf8dcb3bdf73b1,95fc501a1879b476f334679563d4f8804f975a56,1729928730,üöß add utils singleton decorator,https://github.com/JackyLee3362/wemo/compare/95fc501a1879b476f334679563d4f8804f975a56...5eb291c55f29736bc158318be0bf8dcb3bdf73b1,2,x,0,,0,,3,KeyInList:/specs-new/NLTK_NonterminalSymbolMutability.py:34=256;KeyInList:/usr/lib/python3.12/logging/__init__.py:1708=8;KeyInList:/usr/lib/python3.12/logging/__init__.py:1719=6,3,KeyInList:/specs-new/NLTK_NonterminalSymbolMutability.py:34=256;KeyInList:/usr/lib/python3.12/logging/__init__.py:1708=8;KeyInList:/usr/lib/python3.12/logging/__init__.py:1719=6
20251229_104329,e777d9d8f9bee2a4c4a131a41c6b392d9f7bd38a,5eb291c55f29736bc158318be0bf8dcb3bdf73b1,1729928761,üöß add config code(including logging and constant),https://github.com/JackyLee3362/wemo/compare/5eb291c55f29736bc158318be0bf8dcb3bdf73b1...e777d9d8f9bee2a4c4a131a41c6b392d9f7bd38a,3,x,0,,0,,3,KeyInList:/specs-new/NLTK_NonterminalSymbolMutability.py:34=256;KeyInList:/usr/lib/python3.12/logging/__init__.py:1708=8;KeyInList:/usr/lib/python3.12/logging/__init__.py:1719=6,3,KeyInList:/specs-new/NLTK_NonterminalSymbolMutability.py:34=256;KeyInList:/usr/lib/python3.12/logging/__init__.py:1708=8;KeyInList:/usr/lib/python3.12/logging/__init__.py:1719=6
20251229_104329,2ffb9c0b83bc2de149da86772fff16a3229a4f18,e777d9d8f9bee2a4c4a131a41c6b392d9f7bd38a,1730649877,üöß build misc db,https://github.com/JackyLee3362/wemo/compare/e777d9d8f9bee2a4c4a131a41c6b392d9f7bd38a...2ffb9c0b83bc2de149da86772fff16a3229a4f18,2,x,0,,0,,3,KeyInList:/specs-new/NLTK_NonterminalSymbolMutability.py:34=256;KeyInList:/usr/lib/python3.12/logging/__init__.py:1708=8;KeyInList:/usr/lib/python3.12/logging/__init__.py:1719=6,3,KeyInList:/specs-new/NLTK_NonterminalSymbolMutability.py:34=256;KeyInList:/usr/lib/python3.12/logging/__init__.py:1708=8;KeyInList:/usr/lib/python3.12/logging/__init__.py:1719=6
20251229_104329,0b47fb1a93158762629dddd05176bdef8353964f,2ffb9c0b83bc2de149da86772fff16a3229a4f18,1730649896,‚úÖ update misc db test,https://github.com/JackyLee3362/wemo/compare/2ffb9c0b83bc2de149da86772fff16a3229a4f18...0b47fb1a93158762629dddd05176bdef8353964f,1,x,0,,0,,3,KeyInList:/specs-new/NLTK_NonterminalSymbolMutability.py:34=256;KeyInList:/usr/lib/python3.12/logging/__init__.py:1708=8;KeyInList:/usr/lib/python3.12/logging/__init__.py:1719=6,3,KeyInList:/specs-new/NLTK_NonterminalSymbolMutability.py:34=256;KeyInList:/usr/lib/python3.12/logging/__init__.py:1708=8;KeyInList:/usr/lib/python3.12/logging/__init__.py:1719=6
20251229_104329,bac630daa868788ef7c7ad68e0701b7b0c8f162e,0b47fb1a93158762629dddd05176bdef8353964f,1730739290,üìù add roadmap,https://github.com/JackyLee3362/wemo/compare/0b47fb1a93158762629dddd05176bdef8353964f...bac630daa868788ef7c7ad68e0701b7b0c8f162e,1,x,0,,0,,3,KeyInList:/specs-new/NLTK_NonterminalSymbolMutability.py:34=256;KeyInList:/usr/lib/python3.12/logging/__init__.py:1708=8;KeyInList:/usr/lib/python3.12/logging/__init__.py:1719=6,3,KeyInList:/specs-new/NLTK_NonterminalSymbolMutability.py:34=256;KeyInList:/usr/lib/python3.12/logging/__init__.py:1708=8;KeyInList:/usr/lib/python3.12/logging/__init__.py:1719=6
20251229_104329,2bf5b5a490efd94e23026efde800bb8c54443c59,bac630daa868788ef7c7ad68e0701b7b0c8f162e,1730789104,üöß db module basically finished,https://github.com/JackyLee3362/wemo/compare/bac630daa868788ef7c7ad68e0701b7b0c8f162e...2bf5b5a490efd94e23026efde800bb8c54443c59,6,x,0,,0,,3,KeyInList:/specs-new/NLTK_NonterminalSymbolMutability.py:34=256;KeyInList:/usr/lib/python3.12/logging/__init__.py:1708=8;KeyInList:/usr/lib/python3.12/logging/__init__.py:1719=6,3,KeyInList:/specs-new/NLTK_NonterminalSymbolMutability.py:34=256;KeyInList:/usr/lib/python3.12/logging/__init__.py:1708=8;KeyInList:/usr/lib/python3.12/logging/__init__.py:1719=6
20251229_104329,5f0fd3b4dfd224b821dbf968c34dd1eae553fa96,2bf5b5a490efd94e23026efde800bb8c54443c59,1730812266,‚ôªÔ∏è refactor config module,https://github.com/JackyLee3362/wemo/compare/2bf5b5a490efd94e23026efde800bb8c54443c59...5f0fd3b4dfd224b821dbf968c34dd1eae553fa96,5,x,0,,0,,3,KeyInList:/specs-new/NLTK_NonterminalSymbolMutability.py:34=256;KeyInList:/usr/lib/python3.12/logging/__init__.py:1708=8;KeyInList:/usr/lib/python3.12/logging/__init__.py:1719=6,3,KeyInList:/specs-new/NLTK_NonterminalSymbolMutability.py:34=256;KeyInList:/usr/lib/python3.12/logging/__init__.py:1708=8;KeyInList:/usr/lib/python3.12/logging/__init__.py:1719=6
20251229_104329,b868f1f4ff3f04f80f294cf5fec44a46e617fd6c,5f0fd3b4dfd224b821dbf968c34dd1eae553fa96,1730812298,üöß add some db code,https://github.com/JackyLee3362/wemo/compare/5f0fd3b4dfd224b821dbf968c34dd1eae553fa96...b868f1f4ff3f04f80f294cf5fec44a46e617fd6c,7,x,0,,0,,3,KeyInList:/specs-new/NLTK_NonterminalSymbolMutability.py:34=256;KeyInList:/usr/lib/python3.12/logging/__init__.py:1708=8;KeyInList:/usr/lib/python3.12/logging/__init__.py:1719=6,3,KeyInList:/specs-new/NLTK_NonterminalSymbolMutability.py:34=256;KeyInList:/usr/lib/python3.12/logging/__init__.py:1708=8;KeyInList:/usr/lib/python3.12/logging/__init__.py:1719=6
20251229_104329,13d84c877fbe1465cbe5b272d9ca687bd94675dc,b868f1f4ff3f04f80f294cf5fec44a46e617fd6c,1730812321,‚ôªÔ∏è refactor utils module,https://github.com/JackyLee3362/wemo/compare/b868f1f4ff3f04f80f294cf5fec44a46e617fd6c...13d84c877fbe1465cbe5b272d9ca687bd94675dc,3,x,0,,0,,3,KeyInList:/specs-new/NLTK_NonterminalSymbolMutability.py:34=256;KeyInList:/usr/lib/python3.12/logging/__init__.py:1708=8;KeyInList:/usr/lib/python3.12/logging/__init__.py:1719=6,3,KeyInList:/specs-new/NLTK_NonterminalSymbolMutability.py:34=256;KeyInList:/usr/lib/python3.12/logging/__init__.py:1708=8;KeyInList:/usr/lib/python3.12/logging/__init__.py:1719=6
20251229_104329,92876714f8c4c609fc2e1532f7089b33eb26d3ba,13d84c877fbe1465cbe5b272d9ca687bd94675dc,1730812348,‚úÖ add some tests,https://github.com/JackyLee3362/wemo/compare/13d84c877fbe1465cbe5b272d9ca687bd94675dc...92876714f8c4c609fc2e1532f7089b33eb26d3ba,8,x,0,,0,,3,KeyInList:/specs-new/NLTK_NonterminalSymbolMutability.py:34=256;KeyInList:/usr/lib/python3.12/logging/__init__.py:1708=20;KeyInList:/usr/lib/python3.12/logging/__init__.py:1719=18,3,KeyInList:/specs-new/NLTK_NonterminalSymbolMutability.py:34=256;KeyInList:/usr/lib/python3.12/logging/__init__.py:1708=8;KeyInList:/usr/lib/python3.12/logging/__init__.py:1719=6
20251229_104329,c45392d36967ba6d74944da59d611cc47d8126a4,92876714f8c4c609fc2e1532f7089b33eb26d3ba,1730909509,‚ôªÔ∏è rename constant name,https://github.com/JackyLee3362/wemo/compare/92876714f8c4c609fc2e1532f7089b33eb26d3ba...c45392d36967ba6d74944da59d611cc47d8126a4,5,x,0,,0,,3,KeyInList:/specs-new/NLTK_NonterminalSymbolMutability.py:34=256;KeyInList:/usr/lib/python3.12/logging/__init__.py:1708=20;KeyInList:/usr/lib/python3.12/logging/__init__.py:1719=18,3,KeyInList:/specs-new/NLTK_NonterminalSymbolMutability.py:34=256;KeyInList:/usr/lib/python3.12/logging/__init__.py:1708=20;KeyInList:/usr/lib/python3.12/logging/__init__.py:1719=18
20251229_104329,65e2a6a3c4cba0064c1cdf409e7e918818a7f746,c45392d36967ba6d74944da59d611cc47d8126a4,1730909531,üöß add some decrypt,https://github.com/JackyLee3362/wemo/compare/c45392d36967ba6d74944da59d611cc47d8126a4...65e2a6a3c4cba0064c1cdf409e7e918818a7f746,3,x,0,,0,,3,KeyInList:/specs-new/NLTK_NonterminalSymbolMutability.py:34=256;KeyInList:/usr/lib/python3.12/logging/__init__.py:1708=20;KeyInList:/usr/lib/python3.12/logging/__init__.py:1719=18,3,KeyInList:/specs-new/NLTK_NonterminalSymbolMutability.py:34=256;KeyInList:/usr/lib/python3.12/logging/__init__.py:1708=20;KeyInList:/usr/lib/python3.12/logging/__init__.py:1719=18
20251229_104329,82326ebe33771846c8dbb7ed038bdb073c9c121e,65e2a6a3c4cba0064c1cdf409e7e918818a7f746,1730909547,üöß add some entity,https://github.com/JackyLee3362/wemo/compare/65e2a6a3c4cba0064c1cdf409e7e918818a7f746...82326ebe33771846c8dbb7ed038bdb073c9c121e,3,x,0,,0,,3,KeyInList:/specs-new/NLTK_NonterminalSymbolMutability.py:34=256;KeyInList:/usr/lib/python3.12/logging/__init__.py:1708=20;KeyInList:/usr/lib/python3.12/logging/__init__.py:1719=18,3,KeyInList:/specs-new/NLTK_NonterminalSymbolMutability.py:34=256;KeyInList:/usr/lib/python3.12/logging/__init__.py:1708=20;KeyInList:/usr/lib/python3.12/logging/__init__.py:1719=18
20251229_104329,4f068120af8524bf70d413b7e79fb38f11d2eeb0,82326ebe33771846c8dbb7ed038bdb073c9c121e,1730909557,üöß add some utils,https://github.com/JackyLee3362/wemo/compare/82326ebe33771846c8dbb7ed038bdb073c9c121e...4f068120af8524bf70d413b7e79fb38f11d2eeb0,2,x,0,,0,,3,KeyInList:/specs-new/NLTK_NonterminalSymbolMutability.py:34=256;KeyInList:/usr/lib/python3.12/logging/__init__.py:1708=20;KeyInList:/usr/lib/python3.12/logging/__init__.py:1719=18,3,KeyInList:/specs-new/NLTK_NonterminalSymbolMutability.py:34=256;KeyInList:/usr/lib/python3.12/logging/__init__.py:1708=20;KeyInList:/usr/lib/python3.12/logging/__init__.py:1719=18
20251229_104329,b7d5c88d719e23218396ea06e2b1c3afbdc9db8a,4f068120af8524bf70d413b7e79fb38f11d2eeb0,1730981103,‚úÖ add some tests,https://github.com/JackyLee3362/wemo/compare/4f068120af8524bf70d413b7e79fb38f11d2eeb0...b7d5c88d719e23218396ea06e2b1c3afbdc9db8a,11,x,0,,0,,3,KeyInList:/specs-new/NLTK_NonterminalSymbolMutability.py:34=256;KeyInList:/usr/lib/python3.12/logging/__init__.py:1708=26;KeyInList:/usr/lib/python3.12/logging/__init__.py:1719=24,3,KeyInList:/specs-new/NLTK_NonterminalSymbolMutability.py:34=256;KeyInList:/usr/lib/python3.12/logging/__init__.py:1708=20;KeyInList:/usr/lib/python3.12/logging/__init__.py:1719=18
20251229_104329,0d7348d2c1509df54e780131f541910c5c021328,b7d5c88d719e23218396ea06e2b1c3afbdc9db8a,1730981147,üöß constructing...,https://github.com/JackyLee3362/wemo/compare/b7d5c88d719e23218396ea06e2b1c3afbdc9db8a...0d7348d2c1509df54e780131f541910c5c021328,17,x,0,,0,,3,KeyInList:/specs-new/NLTK_NonterminalSymbolMutability.py:34=256;KeyInList:/usr/lib/python3.12/logging/__init__.py:1708=38;KeyInList:/usr/lib/python3.12/logging/__init__.py:1719=36,3,KeyInList:/specs-new/NLTK_NonterminalSymbolMutability.py:34=256;KeyInList:/usr/lib/python3.12/logging/__init__.py:1708=26;KeyInList:/usr/lib/python3.12/logging/__init__.py:1719=24
20251229_104329,880c19221884cf2215d8e1a0f0782e24d8b0c2a2,0d7348d2c1509df54e780131f541910c5c021328,1731055227,üößadd 28 files in src,https://github.com/JackyLee3362/wemo/compare/0d7348d2c1509df54e780131f541910c5c021328...880c19221884cf2215d8e1a0f0782e24d8b0c2a2,28,x,0,,0,,3,KeyInList:/specs-new/NLTK_NonterminalSymbolMutability.py:34=256;KeyInList:/usr/lib/python3.12/logging/__init__.py:1708=26;KeyInList:/usr/lib/python3.12/logging/__init__.py:1719=24,3,KeyInList:/specs-new/NLTK_NonterminalSymbolMutability.py:34=256;KeyInList:/usr/lib/python3.12/logging/__init__.py:1708=38;KeyInList:/usr/lib/python3.12/logging/__init__.py:1719=36
20251229_104329,ec9e21ecdbb82173f84e76152ac0a418be7276e9,880c19221884cf2215d8e1a0f0782e24d8b0c2a2,1731055272,‚úÖ add some tests,https://github.com/JackyLee3362/wemo/compare/880c19221884cf2215d8e1a0f0782e24d8b0c2a2...ec9e21ecdbb82173f84e76152ac0a418be7276e9,14,x,0,,0,,3,KeyInList:/specs-new/NLTK_NonterminalSymbolMutability.py:34=256;KeyInList:/usr/lib/python3.12/logging/__init__.py:1708=50;KeyInList:/usr/lib/python3.12/logging/__init__.py:1719=48,3,KeyInList:/specs-new/NLTK_NonterminalSymbolMutability.py:34=256;KeyInList:/usr/lib/python3.12/logging/__init__.py:1708=26;KeyInList:/usr/lib/python3.12/logging/__init__.py:1719=24
20251229_104329,93e646bc9730a30ba19def23bb5008dfea8b22c3,ec9e21ecdbb82173f84e76152ac0a418be7276e9,1731055325,üöß change main,https://github.com/JackyLee3362/wemo/compare/ec9e21ecdbb82173f84e76152ac0a418be7276e9...93e646bc9730a30ba19def23bb5008dfea8b22c3,1,x,0,,0,,3,KeyInList:/specs-new/NLTK_NonterminalSymbolMutability.py:34=256;KeyInList:/usr/lib/python3.12/logging/__init__.py:1708=50;KeyInList:/usr/lib/python3.12/logging/__init__.py:1719=48,3,KeyInList:/specs-new/NLTK_NonterminalSymbolMutability.py:34=256;KeyInList:/usr/lib/python3.12/logging/__init__.py:1708=50;KeyInList:/usr/lib/python3.12/logging/__init__.py:1719=48
20251229_104329,5fbeb286af58e4ed44fb24944e9aed891dc19455,93e646bc9730a30ba19def23bb5008dfea8b22c3,1731079424,‚ôªÔ∏è big refactor in src common,https://github.com/JackyLee3362/wemo/compare/93e646bc9730a30ba19def23bb5008dfea8b22c3...5fbeb286af58e4ed44fb24944e9aed891dc19455,2,x,0,,0,,3,KeyInList:/specs-new/NLTK_NonterminalSymbolMutability.py:34=256;KeyInList:/usr/lib/python3.12/logging/__init__.py:1708=50;KeyInList:/usr/lib/python3.12/logging/__init__.py:1719=48,3,KeyInList:/specs-new/NLTK_NonterminalSymbolMutability.py:34=256;KeyInList:/usr/lib/python3.12/logging/__init__.py:1708=50;KeyInList:/usr/lib/python3.12/logging/__init__.py:1719=48
20251229_104329,0cb601e7806a5ae06fa2680d5e0f54f06b54c13b,5fbeb286af58e4ed44fb24944e9aed891dc19455,1731079445,‚ôªÔ∏è big refactor in src db,https://github.com/JackyLee3362/wemo/compare/5fbeb286af58e4ed44fb24944e9aed891dc19455...0cb601e7806a5ae06fa2680d5e0f54f06b54c13b,9,x,0,,0,,3,KeyInList:/specs-new/NLTK_NonterminalSymbolMutability.py:34=256;KeyInList:/usr/lib/python3.12/logging/__init__.py:1708=50;KeyInList:/usr/lib/python3.12/logging/__init__.py:1719=48,3,KeyInList:/specs-new/NLTK_NonterminalSymbolMutability.py:34=256;KeyInList:/usr/lib/python3.12/logging/__init__.py:1708=50;KeyInList:/usr/lib/python3.12/logging/__init__.py:1719=48
20251229_104329,1f77c6a23f982ffb334fe3ac13b9abd2da96726e,0cb601e7806a5ae06fa2680d5e0f54f06b54c13b,1731080050,‚úÖ add some common tests,https://github.com/JackyLee3362/wemo/compare/0cb601e7806a5ae06fa2680d5e0f54f06b54c13b...1f77c6a23f982ffb334fe3ac13b9abd2da96726e,3,x,0,,0,,3,KeyInList:/specs-new/NLTK_NonterminalSymbolMutability.py:34=256;KeyInList:/usr/lib/python3.12/logging/__init__.py:1708=50;KeyInList:/usr/lib/python3.12/logging/__init__.py:1719=48,3,KeyInList:/specs-new/NLTK_NonterminalSymbolMutability.py:34=256;KeyInList:/usr/lib/python3.12/logging/__init__.py:1708=50;KeyInList:/usr/lib/python3.12/logging/__init__.py:1719=48
20251229_104329,f09806c2d1a3695ee8193906050a5f77083e6ee9,1f77c6a23f982ffb334fe3ac13b9abd2da96726e,1731087183,‚ôªÔ∏è refact src/db,https://github.com/JackyLee3362/wemo/compare/1f77c6a23f982ffb334fe3ac13b9abd2da96726e...f09806c2d1a3695ee8193906050a5f77083e6ee9,5,x,0,,0,,3,KeyInList:/specs-new/NLTK_NonterminalSymbolMutability.py:34=256;KeyInList:/usr/lib/python3.12/logging/__init__.py:1708=50;KeyInList:/usr/lib/python3.12/logging/__init__.py:1719=48,3,KeyInList:/specs-new/NLTK_NonterminalSymbolMutability.py:34=256;KeyInList:/usr/lib/python3.12/logging/__init__.py:1708=50;KeyInList:/usr/lib/python3.12/logging/__init__.py:1719=48
20251229_104329,f38bbcd6ee9ba24a9b75bc37647409e9c3f4920d,f09806c2d1a3695ee8193906050a5f77083e6ee9,1731087240,‚ôªÔ∏è refactoring src/decrypter,https://github.com/JackyLee3362/wemo/compare/f09806c2d1a3695ee8193906050a5f77083e6ee9...f38bbcd6ee9ba24a9b75bc37647409e9c3f4920d,7,x,0,,0,,3,KeyInList:/specs-new/NLTK_NonterminalSymbolMutability.py:34=256;KeyInList:/usr/lib/python3.12/logging/__init__.py:1708=50;KeyInList:/usr/lib/python3.12/logging/__init__.py:1719=48,3,KeyInList:/specs-new/NLTK_NonterminalSymbolMutability.py:34=256;KeyInList:/usr/lib/python3.12/logging/__init__.py:1708=50;KeyInList:/usr/lib/python3.12/logging/__init__.py:1719=48
20251229_104329,7280776cd0ce3afd9c90d9c8857fb93f7bd2066b,f38bbcd6ee9ba24a9b75bc37647409e9c3f4920d,1731087506,‚ôªÔ∏è refactoring src/model,https://github.com/JackyLee3362/wemo/compare/f38bbcd6ee9ba24a9b75bc37647409e9c3f4920d...7280776cd0ce3afd9c90d9c8857fb93f7bd2066b,1,x,0,,0,,3,KeyInList:/specs-new/NLTK_NonterminalSymbolMutability.py:34=256;KeyInList:/usr/lib/python3.12/logging/__init__.py:1708=50;KeyInList:/usr/lib/python3.12/logging/__init__.py:1719=48,3,KeyInList:/specs-new/NLTK_NonterminalSymbolMutability.py:34=256;KeyInList:/usr/lib/python3.12/logging/__init__.py:1708=50;KeyInList:/usr/lib/python3.12/logging/__init__.py:1719=48
20251229_104329,e57efe1469546352d7309c58f2f769ac054d6b24,7280776cd0ce3afd9c90d9c8857fb93f7bd2066b,1731087621,‚ôªÔ∏è refactor code:  src/db -> src/database,https://github.com/JackyLee3362/wemo/compare/7280776cd0ce3afd9c90d9c8857fb93f7bd2066b...e57efe1469546352d7309c58f2f769ac054d6b24,6,x,0,,0,,3,KeyInList:/specs-new/NLTK_NonterminalSymbolMutability.py:34=256;KeyInList:/usr/lib/python3.12/logging/__init__.py:1708=50;KeyInList:/usr/lib/python3.12/logging/__init__.py:1719=48,3,KeyInList:/specs-new/NLTK_NonterminalSymbolMutability.py:34=256;KeyInList:/usr/lib/python3.12/logging/__init__.py:1708=50;KeyInList:/usr/lib/python3.12/logging/__init__.py:1719=48
20251229_104329,2e0835cf037f754f335ce99736cd7bb9758acfd6,e57efe1469546352d7309c58f2f769ac054d6b24,1731087644,‚ôªÔ∏è refactor code:  src/db -> src/database,https://github.com/JackyLee3362/wemo/compare/e57efe1469546352d7309c58f2f769ac054d6b24...2e0835cf037f754f335ce99736cd7bb9758acfd6,1,x,0,,0,,3,KeyInList:/specs-new/NLTK_NonterminalSymbolMutability.py:34=256;KeyInList:/usr/lib/python3.12/logging/__init__.py:1708=50;KeyInList:/usr/lib/python3.12/logging/__init__.py:1719=48,3,KeyInList:/specs-new/NLTK_NonterminalSymbolMutability.py:34=256;KeyInList:/usr/lib/python3.12/logging/__init__.py:1708=50;KeyInList:/usr/lib/python3.12/logging/__init__.py:1719=48
20251229_104329,f63e87eb42988c8a95277aaa4b0dffc6fec07f7d,2e0835cf037f754f335ce99736cd7bb9758acfd6,1731087692,‚ôªÔ∏è refactor code:  src/db -> src/database [3],https://github.com/JackyLee3362/wemo/compare/2e0835cf037f754f335ce99736cd7bb9758acfd6...f63e87eb42988c8a95277aaa4b0dffc6fec07f7d,7,x,0,,0,,3,KeyInList:/specs-new/NLTK_NonterminalSymbolMutability.py:34=256;KeyInList:/usr/lib/python3.12/logging/__init__.py:1708=50;KeyInList:/usr/lib/python3.12/logging/__init__.py:1719=48,3,KeyInList:/specs-new/NLTK_NonterminalSymbolMutability.py:34=256;KeyInList:/usr/lib/python3.12/logging/__init__.py:1708=50;KeyInList:/usr/lib/python3.12/logging/__init__.py:1719=48
20251229_104329,a2ca8e8fa9ea1c56523f6d0a25c9299562e15ffa,f63e87eb42988c8a95277aaa4b0dffc6fec07f7d,1731169680,üî• remove bunch of code,https://github.com/JackyLee3362/wemo/compare/f63e87eb42988c8a95277aaa4b0dffc6fec07f7d...a2ca8e8fa9ea1c56523f6d0a25c9299562e15ffa,33,x,0,,0,,3,KeyInList:/specs-new/NLTK_NonterminalSymbolMutability.py:34=256;KeyInList:/usr/lib/python3.12/logging/__init__.py:1708=38;KeyInList:/usr/lib/python3.12/logging/__init__.py:1719=36,3,KeyInList:/specs-new/NLTK_NonterminalSymbolMutability.py:34=256;KeyInList:/usr/lib/python3.12/logging/__init__.py:1708=50;KeyInList:/usr/lib/python3.12/logging/__init__.py:1719=48
20251229_104329,7bcdfdffa720883965cfd9c11f3e17e3a484fee2,a2ca8e8fa9ea1c56523f6d0a25c9299562e15ffa,1731170642,‚ôªÔ∏è move config code,https://github.com/JackyLee3362/wemo/compare/a2ca8e8fa9ea1c56523f6d0a25c9299562e15ffa...7bcdfdffa720883965cfd9c11f3e17e3a484fee2,7,x,0,,0,,3,KeyInList:/specs-new/NLTK_NonterminalSymbolMutability.py:34=256;KeyInList:/usr/lib/python3.12/logging/__init__.py:1708=38;KeyInList:/usr/lib/python3.12/logging/__init__.py:1719=36,3,KeyInList:/specs-new/NLTK_NonterminalSymbolMutability.py:34=256;KeyInList:/usr/lib/python3.12/logging/__init__.py:1708=38;KeyInList:/usr/lib/python3.12/logging/__init__.py:1719=36
20251229_104329,bb38c2e0d71c2f390c7dc803cba1026f84f62e2b,7bcdfdffa720883965cfd9c11f3e17e3a484fee2,1731328163,üöß writing source code (tired...),https://github.com/JackyLee3362/wemo/compare/7bcdfdffa720883965cfd9c11f3e17e3a484fee2...bb38c2e0d71c2f390c7dc803cba1026f84f62e2b,15,x,0,,0,,3,KeyInList:/specs-new/NLTK_NonterminalSymbolMutability.py:34=256;KeyInList:/usr/lib/python3.12/logging/__init__.py:1708=38;KeyInList:/usr/lib/python3.12/logging/__init__.py:1719=36,3,KeyInList:/specs-new/NLTK_NonterminalSymbolMutability.py:34=256;KeyInList:/usr/lib/python3.12/logging/__init__.py:1708=38;KeyInList:/usr/lib/python3.12/logging/__init__.py:1719=36
20251229_104329,683bd1bb918ff333af14b023d97646bf18f7f7ba,bb38c2e0d71c2f390c7dc803cba1026f84f62e2b,1731328240,‚úÖ add many many tests,https://github.com/JackyLee3362/wemo/compare/bb38c2e0d71c2f390c7dc803cba1026f84f62e2b...683bd1bb918ff333af14b023d97646bf18f7f7ba,32,7.298,7,KeyInList:/usr/lib/python3.12/typing.py:286;KeyInList:/usr/lib/python3.12/typing.py:290;KeyInList:/usr/lib/python3.12/gettext.py:490;KeyInList:/usr/lib/python3.12/gettext.py:496;KeyInList:/src/wemo/utils.py:20;RandomMustUseSeed:/src/wemo/utils.py:92;RandomMustUseSeed:/src/wemo/utils.py:96,0,,10,KeyInList:/specs-new/NLTK_NonterminalSymbolMutability.py:34=274;KeyInList:/usr/lib/python3.12/logging/__init__.py:1708=134;KeyInList:/usr/lib/python3.12/logging/__init__.py:1719=132;KeyInList:/usr/lib/python3.12/typing.py:286=1;KeyInList:/usr/lib/python3.12/typing.py:290=1;KeyInList:/usr/lib/python3.12/gettext.py:490=3;KeyInList:/usr/lib/python3.12/gettext.py:496=15;KeyInList:/src/wemo/utils.py:20=36;RandomMustUseSeed:/src/wemo/utils.py:92=2048;RandomMustUseSeed:/src/wemo/utils.py:96=2,3,KeyInList:/specs-new/NLTK_NonterminalSymbolMutability.py:34=256;KeyInList:/usr/lib/python3.12/logging/__init__.py:1708=38;KeyInList:/usr/lib/python3.12/logging/__init__.py:1719=36
20251229_104329,ffd4a919c2b493bda5e1ed921b7e085831145bd6,683bd1bb918ff333af14b023d97646bf18f7f7ba,1731349451,"üöß bunch of code ... (maybe 80% finished, only export module)",https://github.com/JackyLee3362/wemo/compare/683bd1bb918ff333af14b023d97646bf18f7f7ba...ffd4a919c2b493bda5e1ed921b7e085831145bd6,8,6.64,0,,0,,10,KeyInList:/specs-new/NLTK_NonterminalSymbolMutability.py:34=274;KeyInList:/usr/lib/python3.12/logging/__init__.py:1708=134;KeyInList:/usr/lib/python3.12/logging/__init__.py:1719=132;KeyInList:/usr/lib/python3.12/typing.py:286=1;KeyInList:/usr/lib/python3.12/typing.py:290=1;KeyInList:/usr/lib/python3.12/gettext.py:490=3;KeyInList:/usr/lib/python3.12/gettext.py:496=15;KeyInList:/src/wemo/utils.py:20=36;RandomMustUseSeed:/src/wemo/utils.py:92=2048;RandomMustUseSeed:/src/wemo/utils.py:96=2,10,KeyInList:/specs-new/NLTK_NonterminalSymbolMutability.py:34=274;KeyInList:/usr/lib/python3.12/logging/__init__.py:1708=134;KeyInList:/usr/lib/python3.12/logging/__init__.py:1719=132;KeyInList:/usr/lib/python3.12/typing.py:286=1;KeyInList:/usr/lib/python3.12/typing.py:290=1;KeyInList:/usr/lib/python3.12/gettext.py:490=3;KeyInList:/usr/lib/python3.12/gettext.py:496=15;KeyInList:/src/wemo/utils.py:20=36;RandomMustUseSeed:/src/wemo/utils.py:92=2048;RandomMustUseSeed:/src/wemo/utils.py:96=2
20251229_104329,ec920ae8f28c0e29d630fbe80c321af5c0e207f3,ffd4a919c2b493bda5e1ed921b7e085831145bd6,1731349462,‚úÖ add many many tests,https://github.com/JackyLee3362/wemo/compare/ffd4a919c2b493bda5e1ed921b7e085831145bd6...ec920ae8f28c0e29d630fbe80c321af5c0e207f3,7,6.931,0,,0,,10,KeyInList:/specs-new/NLTK_NonterminalSymbolMutability.py:34=274;KeyInList:/usr/lib/python3.12/logging/__init__.py:1708=134;KeyInList:/usr/lib/python3.12/logging/__init__.py:1719=132;KeyInList:/usr/lib/python3.12/typing.py:286=1;KeyInList:/usr/lib/python3.12/typing.py:290=1;KeyInList:/usr/lib/python3.12/gettext.py:490=3;KeyInList:/usr/lib/python3.12/gettext.py:496=15;KeyInList:/src/wemo/utils.py:20=36;RandomMustUseSeed:/src/wemo/utils.py:92=2048;RandomMustUseSeed:/src/wemo/utils.py:96=2,10,KeyInList:/specs-new/NLTK_NonterminalSymbolMutability.py:34=274;KeyInList:/usr/lib/python3.12/logging/__init__.py:1708=134;KeyInList:/usr/lib/python3.12/logging/__init__.py:1719=132;KeyInList:/usr/lib/python3.12/typing.py:286=1;KeyInList:/usr/lib/python3.12/typing.py:290=1;KeyInList:/usr/lib/python3.12/gettext.py:490=3;KeyInList:/usr/lib/python3.12/gettext.py:496=15;KeyInList:/src/wemo/utils.py:20=36;RandomMustUseSeed:/src/wemo/utils.py:92=2048;RandomMustUseSeed:/src/wemo/utils.py:96=2
20251229_104329,bc5443384bb77de1efc3427721eaca53430bf9fe,ec920ae8f28c0e29d630fbe80c321af5c0e207f3,1731474953,"üöß 90% function, except export api",https://github.com/JackyLee3362/wemo/compare/ec920ae8f28c0e29d630fbe80c321af5c0e207f3...bc5443384bb77de1efc3427721eaca53430bf9fe,26,10.32,0,,3,KeyInList:/src/wemo/utils.py:20;RandomMustUseSeed:/src/wemo/utils.py:92;RandomMustUseSeed:/src/wemo/utils.py:96,7,KeyInList:/specs-new/NLTK_NonterminalSymbolMutability.py:34=256;KeyInList:/usr/lib/python3.12/logging/__init__.py:1708=98;KeyInList:/usr/lib/python3.12/logging/__init__.py:1719=96;KeyInList:/usr/lib/python3.12/typing.py:286=1;KeyInList:/usr/lib/python3.12/typing.py:290=1;KeyInList:/usr/lib/python3.12/gettext.py:490=3;KeyInList:/usr/lib/python3.12/gettext.py:496=15,10,KeyInList:/specs-new/NLTK_NonterminalSymbolMutability.py:34=274;KeyInList:/usr/lib/python3.12/logging/__init__.py:1708=134;KeyInList:/usr/lib/python3.12/logging/__init__.py:1719=132;KeyInList:/usr/lib/python3.12/typing.py:286=1;KeyInList:/usr/lib/python3.12/typing.py:290=1;KeyInList:/usr/lib/python3.12/gettext.py:490=3;KeyInList:/usr/lib/python3.12/gettext.py:496=15;KeyInList:/src/wemo/utils.py:20=36;RandomMustUseSeed:/src/wemo/utils.py:92=2048;RandomMustUseSeed:/src/wemo/utils.py:96=2
20251229_104329,ca7e9f70c33db0f0ff06ba8ac9f608307ece3f93,bc5443384bb77de1efc3427721eaca53430bf9fe,1731566867,üöß process 95%...,https://github.com/JackyLee3362/wemo/compare/bc5443384bb77de1efc3427721eaca53430bf9fe...ca7e9f70c33db0f0ff06ba8ac9f608307ece3f93,25,21.5,0,,0,,7,KeyInList:/specs-new/NLTK_NonterminalSymbolMutability.py:34=256;KeyInList:/usr/lib/python3.12/logging/__init__.py:1708=98;KeyInList:/usr/lib/python3.12/logging/__init__.py:1719=96;KeyInList:/usr/lib/python3.12/typing.py:286=1;KeyInList:/usr/lib/python3.12/typing.py:290=1;KeyInList:/usr/lib/python3.12/gettext.py:490=3;KeyInList:/usr/lib/python3.12/gettext.py:496=15,7,KeyInList:/specs-new/NLTK_NonterminalSymbolMutability.py:34=256;KeyInList:/usr/lib/python3.12/logging/__init__.py:1708=98;KeyInList:/usr/lib/python3.12/logging/__init__.py:1719=96;KeyInList:/usr/lib/python3.12/typing.py:286=1;KeyInList:/usr/lib/python3.12/typing.py:290=1;KeyInList:/usr/lib/python3.12/gettext.py:490=3;KeyInList:/usr/lib/python3.12/gettext.py:496=15
20251229_104329,b7e728c1ea9c1fc9db1629b83e025f3068307aaa,ca7e9f70c33db0f0ff06ba8ac9f608307ece3f93,1731566879,‚úÖ add tests,https://github.com/JackyLee3362/wemo/compare/ca7e9f70c33db0f0ff06ba8ac9f608307ece3f93...b7e728c1ea9c1fc9db1629b83e025f3068307aaa,21,12.83,3,KeyInList:/src/wemo/utils/utils.py:23;RandomMustUseSeed:/src/wemo/utils/utils.py:95;RandomMustUseSeed:/src/wemo/utils/utils.py:99,0,,10,KeyInList:/specs-new/NLTK_NonterminalSymbolMutability.py:34=274;KeyInList:/usr/lib/python3.12/logging/__init__.py:1708=164;KeyInList:/usr/lib/python3.12/logging/__init__.py:1719=162;KeyInList:/usr/lib/python3.12/typing.py:286=1;KeyInList:/usr/lib/python3.12/typing.py:290=1;KeyInList:/usr/lib/python3.12/gettext.py:490=3;KeyInList:/usr/lib/python3.12/gettext.py:496=15;KeyInList:/src/wemo/utils/utils.py:23=36;RandomMustUseSeed:/src/wemo/utils/utils.py:95=2048;RandomMustUseSeed:/src/wemo/utils/utils.py:99=2,7,KeyInList:/specs-new/NLTK_NonterminalSymbolMutability.py:34=256;KeyInList:/usr/lib/python3.12/logging/__init__.py:1708=98;KeyInList:/usr/lib/python3.12/logging/__init__.py:1719=96;KeyInList:/usr/lib/python3.12/typing.py:286=1;KeyInList:/usr/lib/python3.12/typing.py:290=1;KeyInList:/usr/lib/python3.12/gettext.py:490=3;KeyInList:/usr/lib/python3.12/gettext.py:496=15
20251229_104329,4e4d43afb9581ba6bd1442f00220c2b06cd6e4a5,b7e728c1ea9c1fc9db1629b83e025f3068307aaa,1731598128,‚ôªÔ∏è rename table model,https://github.com/JackyLee3362/wemo/compare/b7e728c1ea9c1fc9db1629b83e025f3068307aaa...4e4d43afb9581ba6bd1442f00220c2b06cd6e4a5,4,12.9,0,,0,,10,KeyInList:/specs-new/NLTK_NonterminalSymbolMutability.py:34=274;KeyInList:/usr/lib/python3.12/logging/__init__.py:1708=164;KeyInList:/usr/lib/python3.12/logging/__init__.py:1719=162;KeyInList:/usr/lib/python3.12/typing.py:286=1;KeyInList:/usr/lib/python3.12/typing.py:290=1;KeyInList:/usr/lib/python3.12/gettext.py:490=3;KeyInList:/usr/lib/python3.12/gettext.py:496=15;KeyInList:/src/wemo/utils/utils.py:23=36;RandomMustUseSeed:/src/wemo/utils/utils.py:95=2048;RandomMustUseSeed:/src/wemo/utils/utils.py:99=2,10,KeyInList:/specs-new/NLTK_NonterminalSymbolMutability.py:34=274;KeyInList:/usr/lib/python3.12/logging/__init__.py:1708=164;KeyInList:/usr/lib/python3.12/logging/__init__.py:1719=162;KeyInList:/usr/lib/python3.12/typing.py:286=1;KeyInList:/usr/lib/python3.12/typing.py:290=1;KeyInList:/usr/lib/python3.12/gettext.py:490=3;KeyInList:/usr/lib/python3.12/gettext.py:496=15;KeyInList:/src/wemo/utils/utils.py:23=36;RandomMustUseSeed:/src/wemo/utils/utils.py:95=2048;RandomMustUseSeed:/src/wemo/utils/utils.py:99=2
20251229_104329,2b2d30439b9c927932e7f87bdab0ac4e5ecb62aa,4e4d43afb9581ba6bd1442f00220c2b06cd6e4a5,1731605687,‚ôªÔ∏è refactor to micro-service-structure,https://github.com/JackyLee3362/wemo/compare/4e4d43afb9581ba6bd1442f00220c2b06cd6e4a5...2b2d30439b9c927932e7f87bdab0ac4e5ecb62aa,26,14.52,0,,0,,10,KeyInList:/specs-new/NLTK_NonterminalSymbolMutability.py:34=274;KeyInList:/usr/lib/python3.12/logging/__init__.py:1708=164;KeyInList:/usr/lib/python3.12/logging/__init__.py:1719=162;KeyInList:/usr/lib/python3.12/typing.py:286=1;KeyInList:/usr/lib/python3.12/typing.py:290=1;KeyInList:/usr/lib/python3.12/gettext.py:490=3;KeyInList:/usr/lib/python3.12/gettext.py:496=15;KeyInList:/src/wemo/utils/utils.py:24=36;RandomMustUseSeed:/src/wemo/utils/utils.py:96=2048;RandomMustUseSeed:/src/wemo/utils/utils.py:100=2,10,KeyInList:/specs-new/NLTK_NonterminalSymbolMutability.py:34=274;KeyInList:/usr/lib/python3.12/logging/__init__.py:1708=164;KeyInList:/usr/lib/python3.12/logging/__init__.py:1719=162;KeyInList:/usr/lib/python3.12/typing.py:286=1;KeyInList:/usr/lib/python3.12/typing.py:290=1;KeyInList:/usr/lib/python3.12/gettext.py:490=3;KeyInList:/usr/lib/python3.12/gettext.py:496=15;KeyInList:/src/wemo/utils/utils.py:23=36;RandomMustUseSeed:/src/wemo/utils/utils.py:95=2048;RandomMustUseSeed:/src/wemo/utils/utils.py:99=2
20251229_104329,43e766276d5c846b758f1e40bb71eec48c3af655,2b2d30439b9c927932e7f87bdab0ac4e5ecb62aa,1731781522,üöß 98% done (sync and update)...,https://github.com/JackyLee3362/wemo/compare/2b2d30439b9c927932e7f87bdab0ac4e5ecb62aa...43e766276d5c846b758f1e40bb71eec48c3af655,23,18.08,0,,0,,10,KeyInList:/specs-new/NLTK_NonterminalSymbolMutability.py:34=274;KeyInList:/usr/lib/python3.12/logging/__init__.py:1708=164;KeyInList:/usr/lib/python3.12/logging/__init__.py:1719=162;KeyInList:/usr/lib/python3.12/typing.py:286=1;KeyInList:/usr/lib/python3.12/typing.py:290=1;KeyInList:/usr/lib/python3.12/gettext.py:490=3;KeyInList:/usr/lib/python3.12/gettext.py:496=15;KeyInList:/src/wemo/utils/utils.py:24=36;RandomMustUseSeed:/src/wemo/utils/utils.py:96=2048;RandomMustUseSeed:/src/wemo/utils/utils.py:100=2,10,KeyInList:/specs-new/NLTK_NonterminalSymbolMutability.py:34=274;KeyInList:/usr/lib/python3.12/logging/__init__.py:1708=164;KeyInList:/usr/lib/python3.12/logging/__init__.py:1719=162;KeyInList:/usr/lib/python3.12/typing.py:286=1;KeyInList:/usr/lib/python3.12/typing.py:290=1;KeyInList:/usr/lib/python3.12/gettext.py:490=3;KeyInList:/usr/lib/python3.12/gettext.py:496=15;KeyInList:/src/wemo/utils/utils.py:24=36;RandomMustUseSeed:/src/wemo/utils/utils.py:96=2048;RandomMustUseSeed:/src/wemo/utils/utils.py:100=2
20251229_104329,c9ad62524ac897d0a05c0f7179188776d149e115,43e766276d5c846b758f1e40bb71eec48c3af655,1731781536,‚úÖ add tests,https://github.com/JackyLee3362/wemo/compare/43e766276d5c846b758f1e40bb71eec48c3af655...c9ad62524ac897d0a05c0f7179188776d149e115,18,14.26,0,,0,,10,KeyInList:/specs-new/NLTK_NonterminalSymbolMutability.py:34=274;KeyInList:/usr/lib/python3.12/logging/__init__.py:1708=158;KeyInList:/usr/lib/python3.12/logging/__init__.py:1719=156;KeyInList:/usr/lib/python3.12/typing.py:286=1;KeyInList:/usr/lib/python3.12/typing.py:290=1;KeyInList:/usr/lib/python3.12/gettext.py:490=3;KeyInList:/usr/lib/python3.12/gettext.py:496=15;KeyInList:/src/wemo/utils/utils.py:24=36;RandomMustUseSeed:/src/wemo/utils/utils.py:96=2048;RandomMustUseSeed:/src/wemo/utils/utils.py:100=2,10,KeyInList:/specs-new/NLTK_NonterminalSymbolMutability.py:34=274;KeyInList:/usr/lib/python3.12/logging/__init__.py:1708=164;KeyInList:/usr/lib/python3.12/logging/__init__.py:1719=162;KeyInList:/usr/lib/python3.12/typing.py:286=1;KeyInList:/usr/lib/python3.12/typing.py:290=1;KeyInList:/usr/lib/python3.12/gettext.py:490=3;KeyInList:/usr/lib/python3.12/gettext.py:496=15;KeyInList:/src/wemo/utils/utils.py:24=36;RandomMustUseSeed:/src/wemo/utils/utils.py:96=2048;RandomMustUseSeed:/src/wemo/utils/utils.py:100=2
20251229_104329,a50bfb563fde0bd241e794e46e69156c0d38da41,c9ad62524ac897d0a05c0f7179188776d149e115,1731867670,üöß export module building...,https://github.com/JackyLee3362/wemo/compare/c9ad62524ac897d0a05c0f7179188776d149e115...a50bfb563fde0bd241e794e46e69156c0d38da41,8,14.29,0,,0,,10,KeyInList:/specs-new/NLTK_NonterminalSymbolMutability.py:34=274;KeyInList:/usr/lib/python3.12/logging/__init__.py:1708=158;KeyInList:/usr/lib/python3.12/logging/__init__.py:1719=156;KeyInList:/usr/lib/python3.12/typing.py:286=1;KeyInList:/usr/lib/python3.12/typing.py:290=1;KeyInList:/usr/lib/python3.12/gettext.py:490=3;KeyInList:/usr/lib/python3.12/gettext.py:496=15;KeyInList:/src/wemo/utils/utils.py:24=36;RandomMustUseSeed:/src/wemo/utils/utils.py:96=2048;RandomMustUseSeed:/src/wemo/utils/utils.py:100=2,10,KeyInList:/specs-new/NLTK_NonterminalSymbolMutability.py:34=274;KeyInList:/usr/lib/python3.12/logging/__init__.py:1708=158;KeyInList:/usr/lib/python3.12/logging/__init__.py:1719=156;KeyInList:/usr/lib/python3.12/typing.py:286=1;KeyInList:/usr/lib/python3.12/typing.py:290=1;KeyInList:/usr/lib/python3.12/gettext.py:490=3;KeyInList:/usr/lib/python3.12/gettext.py:496=15;KeyInList:/src/wemo/utils/utils.py:24=36;RandomMustUseSeed:/src/wemo/utils/utils.py:96=2048;RandomMustUseSeed:/src/wemo/utils/utils.py:100=2
20251229_104329,1d02a8b5b874626c900d5bc43f48c6bdda73df1c,a50bfb563fde0bd241e794e46e69156c0d38da41,1731997141,üöß 100% done.,https://github.com/JackyLee3362/wemo/compare/a50bfb563fde0bd241e794e46e69156c0d38da41...1d02a8b5b874626c900d5bc43f48c6bdda73df1c,17,13.91,0,,0,,10,KeyInList:/specs-new/NLTK_NonterminalSymbolMutability.py:34=274;KeyInList:/usr/lib/python3.12/logging/__init__.py:1708=158;KeyInList:/usr/lib/python3.12/logging/__init__.py:1719=156;KeyInList:/usr/lib/python3.12/typing.py:286=1;KeyInList:/usr/lib/python3.12/typing.py:290=1;KeyInList:/usr/lib/python3.12/gettext.py:490=3;KeyInList:/usr/lib/python3.12/gettext.py:496=15;KeyInList:/src/wemo/utils/utils.py:24=36;RandomMustUseSeed:/src/wemo/utils/utils.py:96=2048;RandomMustUseSeed:/src/wemo/utils/utils.py:100=2,10,KeyInList:/specs-new/NLTK_NonterminalSymbolMutability.py:34=274;KeyInList:/usr/lib/python3.12/logging/__init__.py:1708=158;KeyInList:/usr/lib/python3.12/logging/__init__.py:1719=156;KeyInList:/usr/lib/python3.12/typing.py:286=1;KeyInList:/usr/lib/python3.12/typing.py:290=1;KeyInList:/usr/lib/python3.12/gettext.py:490=3;KeyInList:/usr/lib/python3.12/gettext.py:496=15;KeyInList:/src/wemo/utils/utils.py:24=36;RandomMustUseSeed:/src/wemo/utils/utils.py:96=2048;RandomMustUseSeed:/src/wemo/utils/utils.py:100=2
20251229_104329,77063c045a336c9c09589cb1d5fb0d46aa6f2cdc,1d02a8b5b874626c900d5bc43f48c6bdda73df1c,1731997152,‚úÖ add tests,https://github.com/JackyLee3362/wemo/compare/1d02a8b5b874626c900d5bc43f48c6bdda73df1c...77063c045a336c9c09589cb1d5fb0d46aa6f2cdc,4,13.91,0,,0,,10,KeyInList:/specs-new/NLTK_NonterminalSymbolMutability.py:34=274;KeyInList:/usr/lib/python3.12/logging/__init__.py:1708=158;KeyInList:/usr/lib/python3.12/logging/__init__.py:1719=156;KeyInList:/usr/lib/python3.12/typing.py:286=1;KeyInList:/usr/lib/python3.12/typing.py:290=1;KeyInList:/usr/lib/python3.12/gettext.py:490=3;KeyInList:/usr/lib/python3.12/gettext.py:496=15;KeyInList:/src/wemo/utils/utils.py:24=36;RandomMustUseSeed:/src/wemo/utils/utils.py:96=2048;RandomMustUseSeed:/src/wemo/utils/utils.py:100=2,10,KeyInList:/specs-new/NLTK_NonterminalSymbolMutability.py:34=274;KeyInList:/usr/lib/python3.12/logging/__init__.py:1708=158;KeyInList:/usr/lib/python3.12/logging/__init__.py:1719=156;KeyInList:/usr/lib/python3.12/typing.py:286=1;KeyInList:/usr/lib/python3.12/typing.py:290=1;KeyInList:/usr/lib/python3.12/gettext.py:490=3;KeyInList:/usr/lib/python3.12/gettext.py:496=15;KeyInList:/src/wemo/utils/utils.py:24=36;RandomMustUseSeed:/src/wemo/utils/utils.py:96=2048;RandomMustUseSeed:/src/wemo/utils/utils.py:100=2
20251229_104329,741952785ad88100640c58b2a8d729b68b3acf4a,77063c045a336c9c09589cb1d5fb0d46aa6f2cdc,1732207342,‚ôªÔ∏è refactor most code to src/wemo/backend,https://github.com/JackyLee3362/wemo/compare/77063c045a336c9c09589cb1d5fb0d46aa6f2cdc...741952785ad88100640c58b2a8d729b68b3acf4a,38,0.107,0,,3,KeyInList:/src/wemo/utils/utils.py:24;RandomMustUseSeed:/src/wemo/utils/utils.py:96;RandomMustUseSeed:/src/wemo/utils/utils.py:100,7,KeyInList:/specs-new/NLTK_NonterminalSymbolMutability.py:34=256;KeyInList:/usr/lib/python3.12/logging/__init__.py:1708=122;KeyInList:/usr/lib/python3.12/logging/__init__.py:1719=120;KeyInList:/usr/lib/python3.12/typing.py:286=1;KeyInList:/usr/lib/python3.12/typing.py:290=1;KeyInList:/usr/lib/python3.12/gettext.py:490=3;KeyInList:/usr/lib/python3.12/gettext.py:496=15,10,KeyInList:/specs-new/NLTK_NonterminalSymbolMutability.py:34=274;KeyInList:/usr/lib/python3.12/logging/__init__.py:1708=158;KeyInList:/usr/lib/python3.12/logging/__init__.py:1719=156;KeyInList:/usr/lib/python3.12/typing.py:286=1;KeyInList:/usr/lib/python3.12/typing.py:290=1;KeyInList:/usr/lib/python3.12/gettext.py:490=3;KeyInList:/usr/lib/python3.12/gettext.py:496=15;KeyInList:/src/wemo/utils/utils.py:24=36;RandomMustUseSeed:/src/wemo/utils/utils.py:96=2048;RandomMustUseSeed:/src/wemo/utils/utils.py:100=2
20251229_104329,8e47a7445d8c8af53819e6107da7d7b923f20197,741952785ad88100640c58b2a8d729b68b3acf4a,1732378348,üöß gui done.,https://github.com/JackyLee3362/wemo/compare/741952785ad88100640c58b2a8d729b68b3acf4a...8e47a7445d8c8af53819e6107da7d7b923f20197,22,0.19940000000000002,0,,0,,7,KeyInList:/specs-new/NLTK_NonterminalSymbolMutability.py:34=256;KeyInList:/usr/lib/python3.12/logging/__init__.py:1708=122;KeyInList:/usr/lib/python3.12/logging/__init__.py:1719=120;KeyInList:/usr/lib/python3.12/typing.py:286=1;KeyInList:/usr/lib/python3.12/typing.py:290=1;KeyInList:/usr/lib/python3.12/gettext.py:490=3;KeyInList:/usr/lib/python3.12/gettext.py:496=15,7,KeyInList:/specs-new/NLTK_NonterminalSymbolMutability.py:34=256;KeyInList:/usr/lib/python3.12/logging/__init__.py:1708=122;KeyInList:/usr/lib/python3.12/logging/__init__.py:1719=120;KeyInList:/usr/lib/python3.12/typing.py:286=1;KeyInList:/usr/lib/python3.12/typing.py:290=1;KeyInList:/usr/lib/python3.12/gettext.py:490=3;KeyInList:/usr/lib/python3.12/gettext.py:496=15
20251229_104329,84732eafc6dbce25dee93f7e0ba1b2290fc57cf4,8e47a7445d8c8af53819e6107da7d7b923f20197,1732378362,‚úÖ add tests.,https://github.com/JackyLee3362/wemo/compare/8e47a7445d8c8af53819e6107da7d7b923f20197...84732eafc6dbce25dee93f7e0ba1b2290fc57cf4,14,7.5969999999999995,3,KeyInList:/src/wemo/backend/utils/utils.py:24;RandomMustUseSeed:/src/wemo/backend/utils/utils.py:96;RandomMustUseSeed:/src/wemo/backend/utils/utils.py:100,0,,10,KeyInList:/specs-new/NLTK_NonterminalSymbolMutability.py:34=274;KeyInList:/usr/lib/python3.12/logging/__init__.py:1708=158;KeyInList:/usr/lib/python3.12/logging/__init__.py:1719=156;KeyInList:/usr/lib/python3.12/typing.py:286=1;KeyInList:/usr/lib/python3.12/typing.py:290=1;KeyInList:/usr/lib/python3.12/gettext.py:490=3;KeyInList:/usr/lib/python3.12/gettext.py:496=15;KeyInList:/src/wemo/backend/utils/utils.py:24=36;RandomMustUseSeed:/src/wemo/backend/utils/utils.py:96=2048;RandomMustUseSeed:/src/wemo/backend/utils/utils.py:100=2,7,KeyInList:/specs-new/NLTK_NonterminalSymbolMutability.py:34=256;KeyInList:/usr/lib/python3.12/logging/__init__.py:1708=122;KeyInList:/usr/lib/python3.12/logging/__init__.py:1719=120;KeyInList:/usr/lib/python3.12/typing.py:286=1;KeyInList:/usr/lib/python3.12/typing.py:290=1;KeyInList:/usr/lib/python3.12/gettext.py:490=3;KeyInList:/usr/lib/python3.12/gettext.py:496=15
20251229_104329,b8e2fe3f863c6cda56d62d1d342f9c57cc531f2d,84732eafc6dbce25dee93f7e0ba1b2290fc57cf4,1732378447,üöö add some env or doc,https://github.com/JackyLee3362/wemo/compare/84732eafc6dbce25dee93f7e0ba1b2290fc57cf4...b8e2fe3f863c6cda56d62d1d342f9c57cc531f2d,1,7.5969999999999995,0,,0,,10,KeyInList:/specs-new/NLTK_NonterminalSymbolMutability.py:34=274;KeyInList:/usr/lib/python3.12/logging/__init__.py:1708=158;KeyInList:/usr/lib/python3.12/logging/__init__.py:1719=156;KeyInList:/usr/lib/python3.12/typing.py:286=1;KeyInList:/usr/lib/python3.12/typing.py:290=1;KeyInList:/usr/lib/python3.12/gettext.py:490=3;KeyInList:/usr/lib/python3.12/gettext.py:496=15;KeyInList:/src/wemo/backend/utils/utils.py:24=36;RandomMustUseSeed:/src/wemo/backend/utils/utils.py:96=2048;RandomMustUseSeed:/src/wemo/backend/utils/utils.py:100=2,10,KeyInList:/specs-new/NLTK_NonterminalSymbolMutability.py:34=274;KeyInList:/usr/lib/python3.12/logging/__init__.py:1708=158;KeyInList:/usr/lib/python3.12/logging/__init__.py:1719=156;KeyInList:/usr/lib/python3.12/typing.py:286=1;KeyInList:/usr/lib/python3.12/typing.py:290=1;KeyInList:/usr/lib/python3.12/gettext.py:490=3;KeyInList:/usr/lib/python3.12/gettext.py:496=15;KeyInList:/src/wemo/backend/utils/utils.py:24=36;RandomMustUseSeed:/src/wemo/backend/utils/utils.py:96=2048;RandomMustUseSeed:/src/wemo/backend/utils/utils.py:100=2
20251229_104329,b55bcee90d53456a26efe1578e2641feb734eeef,b8e2fe3f863c6cda56d62d1d342f9c57cc531f2d,1732379790,üöß add open file btn,https://github.com/JackyLee3362/wemo/compare/b8e2fe3f863c6cda56d62d1d342f9c57cc531f2d...b55bcee90d53456a26efe1578e2641feb734eeef,4,7.582999999999999,0,,0,,10,KeyInList:/specs-new/NLTK_NonterminalSymbolMutability.py:34=274;KeyInList:/usr/lib/python3.12/logging/__init__.py:1708=158;KeyInList:/usr/lib/python3.12/logging/__init__.py:1719=156;KeyInList:/usr/lib/python3.12/typing.py:286=1;KeyInList:/usr/lib/python3.12/typing.py:290=1;KeyInList:/usr/lib/python3.12/gettext.py:490=3;KeyInList:/usr/lib/python3.12/gettext.py:496=15;KeyInList:/src/wemo/backend/utils/utils.py:24=36;RandomMustUseSeed:/src/wemo/backend/utils/utils.py:96=2048;RandomMustUseSeed:/src/wemo/backend/utils/utils.py:100=2,10,KeyInList:/specs-new/NLTK_NonterminalSymbolMutability.py:34=274;KeyInList:/usr/lib/python3.12/logging/__init__.py:1708=158;KeyInList:/usr/lib/python3.12/logging/__init__.py:1719=156;KeyInList:/usr/lib/python3.12/typing.py:286=1;KeyInList:/usr/lib/python3.12/typing.py:290=1;KeyInList:/usr/lib/python3.12/gettext.py:490=3;KeyInList:/usr/lib/python3.12/gettext.py:496=15;KeyInList:/src/wemo/backend/utils/utils.py:24=36;RandomMustUseSeed:/src/wemo/backend/utils/utils.py:96=2048;RandomMustUseSeed:/src/wemo/backend/utils/utils.py:100=2
20251229_104329,fd5692a81976461be467bc3073b8f87bbcc9ea8e,b55bcee90d53456a26efe1578e2641feb734eeef,1732425050,üêõ fix project path,https://github.com/JackyLee3362/wemo/compare/b55bcee90d53456a26efe1578e2641feb734eeef...fd5692a81976461be467bc3073b8f87bbcc9ea8e,4,7.446,0,,0,,10,KeyInList:/specs-new/NLTK_NonterminalSymbolMutability.py:34=274;KeyInList:/usr/lib/python3.12/logging/__init__.py:1708=158;KeyInList:/usr/lib/python3.12/logging/__init__.py:1719=156;KeyInList:/usr/lib/python3.12/typing.py:286=1;KeyInList:/usr/lib/python3.12/typing.py:290=1;KeyInList:/usr/lib/python3.12/gettext.py:490=3;KeyInList:/usr/lib/python3.12/gettext.py:496=15;KeyInList:/src/wemo/backend/utils/utils.py:24=36;RandomMustUseSeed:/src/wemo/backend/utils/utils.py:96=2048;RandomMustUseSeed:/src/wemo/backend/utils/utils.py:100=2,10,KeyInList:/specs-new/NLTK_NonterminalSymbolMutability.py:34=274;KeyInList:/usr/lib/python3.12/logging/__init__.py:1708=158;KeyInList:/usr/lib/python3.12/logging/__init__.py:1719=156;KeyInList:/usr/lib/python3.12/typing.py:286=1;KeyInList:/usr/lib/python3.12/typing.py:290=1;KeyInList:/usr/lib/python3.12/gettext.py:490=3;KeyInList:/usr/lib/python3.12/gettext.py:496=15;KeyInList:/src/wemo/backend/utils/utils.py:24=36;RandomMustUseSeed:/src/wemo/backend/utils/utils.py:96=2048;RandomMustUseSeed:/src/wemo/backend/utils/utils.py:100=2
20251229_104329,7c4f44ed9b34ddce5b9e7893def10de2e10b9c0f,fd5692a81976461be467bc3073b8f87bbcc9ea8e,1732513759,üöß db impl __eq__ and __hash__ function,https://github.com/JackyLee3362/wemo/compare/fd5692a81976461be467bc3073b8f87bbcc9ea8e...7c4f44ed9b34ddce5b9e7893def10de2e10b9c0f,5,6.7780000000000005,0,,0,,10,KeyInList:/specs-new/NLTK_NonterminalSymbolMutability.py:34=274;KeyInList:/usr/lib/python3.12/logging/__init__.py:1708=158;KeyInList:/usr/lib/python3.12/logging/__init__.py:1719=156;KeyInList:/usr/lib/python3.12/typing.py:286=1;KeyInList:/usr/lib/python3.12/typing.py:290=1;KeyInList:/usr/lib/python3.12/gettext.py:490=3;KeyInList:/usr/lib/python3.12/gettext.py:496=15;KeyInList:/src/wemo/backend/utils/utils.py:24=36;RandomMustUseSeed:/src/wemo/backend/utils/utils.py:96=2048;RandomMustUseSeed:/src/wemo/backend/utils/utils.py:100=2,10,KeyInList:/specs-new/NLTK_NonterminalSymbolMutability.py:34=274;KeyInList:/usr/lib/python3.12/logging/__init__.py:1708=158;KeyInList:/usr/lib/python3.12/logging/__init__.py:1719=156;KeyInList:/usr/lib/python3.12/typing.py:286=1;KeyInList:/usr/lib/python3.12/typing.py:290=1;KeyInList:/usr/lib/python3.12/gettext.py:490=3;KeyInList:/usr/lib/python3.12/gettext.py:496=15;KeyInList:/src/wemo/backend/utils/utils.py:24=36;RandomMustUseSeed:/src/wemo/backend/utils/utils.py:96=2048;RandomMustUseSeed:/src/wemo/backend/utils/utils.py:100=2
20251229_104329,ecbf8d9f9759593c903bcb7b0f6d93ac182d0598,7c4f44ed9b34ddce5b9e7893def10de2e10b9c0f,1732513986,üé® delete some comments and format,https://github.com/JackyLee3362/wemo/compare/7c4f44ed9b34ddce5b9e7893def10de2e10b9c0f...ecbf8d9f9759593c903bcb7b0f6d93ac182d0598,3,7.3580000000000005,0,,0,,10,KeyInList:/specs-new/NLTK_NonterminalSymbolMutability.py:34=274;KeyInList:/usr/lib/python3.12/logging/__init__.py:1708=158;KeyInList:/usr/lib/python3.12/logging/__init__.py:1719=156;KeyInList:/usr/lib/python3.12/typing.py:286=1;KeyInList:/usr/lib/python3.12/typing.py:290=1;KeyInList:/usr/lib/python3.12/gettext.py:490=3;KeyInList:/usr/lib/python3.12/gettext.py:496=15;KeyInList:/src/wemo/backend/utils/utils.py:24=36;RandomMustUseSeed:/src/wemo/backend/utils/utils.py:96=2048;RandomMustUseSeed:/src/wemo/backend/utils/utils.py:100=2,10,KeyInList:/specs-new/NLTK_NonterminalSymbolMutability.py:34=274;KeyInList:/usr/lib/python3.12/logging/__init__.py:1708=158;KeyInList:/usr/lib/python3.12/logging/__init__.py:1719=156;KeyInList:/usr/lib/python3.12/typing.py:286=1;KeyInList:/usr/lib/python3.12/typing.py:290=1;KeyInList:/usr/lib/python3.12/gettext.py:490=3;KeyInList:/usr/lib/python3.12/gettext.py:496=15;KeyInList:/src/wemo/backend/utils/utils.py:24=36;RandomMustUseSeed:/src/wemo/backend/utils/utils.py:96=2048;RandomMustUseSeed:/src/wemo/backend/utils/utils.py:100=2
20251229_104329,e80cb7ff1e22727a1e3680536cfa785811dd0fcb,ecbf8d9f9759593c903bcb7b0f6d93ac182d0598,1732514059,"‚ôªÔ∏è refactor code, extra class res manager",https://github.com/JackyLee3362/wemo/compare/ecbf8d9f9759593c903bcb7b0f6d93ac182d0598...e80cb7ff1e22727a1e3680536cfa785811dd0fcb,3,7.3580000000000005,0,,0,,10,KeyInList:/specs-new/NLTK_NonterminalSymbolMutability.py:34=274;KeyInList:/usr/lib/python3.12/logging/__init__.py:1708=158;KeyInList:/usr/lib/python3.12/logging/__init__.py:1719=156;KeyInList:/usr/lib/python3.12/typing.py:286=1;KeyInList:/usr/lib/python3.12/typing.py:290=1;KeyInList:/usr/lib/python3.12/gettext.py:490=3;KeyInList:/usr/lib/python3.12/gettext.py:496=15;KeyInList:/src/wemo/backend/utils/utils.py:24=36;RandomMustUseSeed:/src/wemo/backend/utils/utils.py:96=2048;RandomMustUseSeed:/src/wemo/backend/utils/utils.py:100=2,10,KeyInList:/specs-new/NLTK_NonterminalSymbolMutability.py:34=274;KeyInList:/usr/lib/python3.12/logging/__init__.py:1708=158;KeyInList:/usr/lib/python3.12/logging/__init__.py:1719=156;KeyInList:/usr/lib/python3.12/typing.py:286=1;KeyInList:/usr/lib/python3.12/typing.py:290=1;KeyInList:/usr/lib/python3.12/gettext.py:490=3;KeyInList:/usr/lib/python3.12/gettext.py:496=15;KeyInList:/src/wemo/backend/utils/utils.py:24=36;RandomMustUseSeed:/src/wemo/backend/utils/utils.py:96=2048;RandomMustUseSeed:/src/wemo/backend/utils/utils.py:100=2
20251229_104329,46c8b0a075c70b6ee69a8a090d982a8e54d1676d,e80cb7ff1e22727a1e3680536cfa785811dd0fcb,1732514192,üé® improve structure like rename and remove try-except in model,https://github.com/JackyLee3362/wemo/compare/e80cb7ff1e22727a1e3680536cfa785811dd0fcb...46c8b0a075c70b6ee69a8a090d982a8e54d1676d,3,7.352,0,,0,,10,KeyInList:/specs-new/NLTK_NonterminalSymbolMutability.py:34=274;KeyInList:/usr/lib/python3.12/logging/__init__.py:1708=158;KeyInList:/usr/lib/python3.12/logging/__init__.py:1719=156;KeyInList:/usr/lib/python3.12/typing.py:286=1;KeyInList:/usr/lib/python3.12/typing.py:290=1;KeyInList:/usr/lib/python3.12/gettext.py:490=3;KeyInList:/usr/lib/python3.12/gettext.py:496=15;KeyInList:/src/wemo/backend/utils/utils.py:24=36;RandomMustUseSeed:/src/wemo/backend/utils/utils.py:96=2048;RandomMustUseSeed:/src/wemo/backend/utils/utils.py:100=2,10,KeyInList:/specs-new/NLTK_NonterminalSymbolMutability.py:34=274;KeyInList:/usr/lib/python3.12/logging/__init__.py:1708=158;KeyInList:/usr/lib/python3.12/logging/__init__.py:1719=156;KeyInList:/usr/lib/python3.12/typing.py:286=1;KeyInList:/usr/lib/python3.12/typing.py:290=1;KeyInList:/usr/lib/python3.12/gettext.py:490=3;KeyInList:/usr/lib/python3.12/gettext.py:496=15;KeyInList:/src/wemo/backend/utils/utils.py:24=36;RandomMustUseSeed:/src/wemo/backend/utils/utils.py:96=2048;RandomMustUseSeed:/src/wemo/backend/utils/utils.py:100=2
20251229_104329,f904860d1ddd250eef687fb86e1c598d29c29b70,46c8b0a075c70b6ee69a8a090d982a8e54d1676d,1732514367,üé® change the place of the try-except and some code,https://github.com/JackyLee3362/wemo/compare/46c8b0a075c70b6ee69a8a090d982a8e54d1676d...f904860d1ddd250eef687fb86e1c598d29c29b70,4,7.352,0,,0,,10,KeyInList:/specs-new/NLTK_NonterminalSymbolMutability.py:34=274;KeyInList:/usr/lib/python3.12/logging/__init__.py:1708=158;KeyInList:/usr/lib/python3.12/logging/__init__.py:1719=156;KeyInList:/usr/lib/python3.12/typing.py:286=1;KeyInList:/usr/lib/python3.12/typing.py:290=1;KeyInList:/usr/lib/python3.12/gettext.py:490=3;KeyInList:/usr/lib/python3.12/gettext.py:496=15;KeyInList:/src/wemo/backend/utils/utils.py:24=36;RandomMustUseSeed:/src/wemo/backend/utils/utils.py:96=2048;RandomMustUseSeed:/src/wemo/backend/utils/utils.py:100=2,10,KeyInList:/specs-new/NLTK_NonterminalSymbolMutability.py:34=274;KeyInList:/usr/lib/python3.12/logging/__init__.py:1708=158;KeyInList:/usr/lib/python3.12/logging/__init__.py:1719=156;KeyInList:/usr/lib/python3.12/typing.py:286=1;KeyInList:/usr/lib/python3.12/typing.py:290=1;KeyInList:/usr/lib/python3.12/gettext.py:490=3;KeyInList:/usr/lib/python3.12/gettext.py:496=15;KeyInList:/src/wemo/backend/utils/utils.py:24=36;RandomMustUseSeed:/src/wemo/backend/utils/utils.py:96=2048;RandomMustUseSeed:/src/wemo/backend/utils/utils.py:100=2
20251229_104329,2bcb202a374399d57c03d915d6511a1bb97598ce,f904860d1ddd250eef687fb86e1c598d29c29b70,1732514404,‚ôªÔ∏è refactor and delay init,https://github.com/JackyLee3362/wemo/compare/f904860d1ddd250eef687fb86e1c598d29c29b70...2bcb202a374399d57c03d915d6511a1bb97598ce,3,7.414,0,,0,,10,KeyInList:/specs-new/NLTK_NonterminalSymbolMutability.py:34=274;KeyInList:/usr/lib/python3.12/logging/__init__.py:1708=158;KeyInList:/usr/lib/python3.12/logging/__init__.py:1719=156;KeyInList:/usr/lib/python3.12/typing.py:286=1;KeyInList:/usr/lib/python3.12/typing.py:290=1;KeyInList:/usr/lib/python3.12/gettext.py:490=3;KeyInList:/usr/lib/python3.12/gettext.py:496=15;KeyInList:/src/wemo/backend/utils/utils.py:24=36;RandomMustUseSeed:/src/wemo/backend/utils/utils.py:96=2048;RandomMustUseSeed:/src/wemo/backend/utils/utils.py:100=2,10,KeyInList:/specs-new/NLTK_NonterminalSymbolMutability.py:34=274;KeyInList:/usr/lib/python3.12/logging/__init__.py:1708=158;KeyInList:/usr/lib/python3.12/logging/__init__.py:1719=156;KeyInList:/usr/lib/python3.12/typing.py:286=1;KeyInList:/usr/lib/python3.12/typing.py:290=1;KeyInList:/usr/lib/python3.12/gettext.py:490=3;KeyInList:/usr/lib/python3.12/gettext.py:496=15;KeyInList:/src/wemo/backend/utils/utils.py:24=36;RandomMustUseSeed:/src/wemo/backend/utils/utils.py:96=2048;RandomMustUseSeed:/src/wemo/backend/utils/utils.py:100=2
20251229_104329,9b012609a70758f580856aad2ebf6ecc50fd1e05,2bcb202a374399d57c03d915d6511a1bb97598ce,1732514530,üíÑ update gui,https://github.com/JackyLee3362/wemo/compare/2bcb202a374399d57c03d915d6511a1bb97598ce...9b012609a70758f580856aad2ebf6ecc50fd1e05,6,7.414,0,,0,,10,KeyInList:/specs-new/NLTK_NonterminalSymbolMutability.py:34=274;KeyInList:/usr/lib/python3.12/logging/__init__.py:1708=158;KeyInList:/usr/lib/python3.12/logging/__init__.py:1719=156;KeyInList:/usr/lib/python3.12/typing.py:286=1;KeyInList:/usr/lib/python3.12/typing.py:290=1;KeyInList:/usr/lib/python3.12/gettext.py:490=3;KeyInList:/usr/lib/python3.12/gettext.py:496=15;KeyInList:/src/wemo/backend/utils/utils.py:24=36;RandomMustUseSeed:/src/wemo/backend/utils/utils.py:96=2048;RandomMustUseSeed:/src/wemo/backend/utils/utils.py:100=2,10,KeyInList:/specs-new/NLTK_NonterminalSymbolMutability.py:34=274;KeyInList:/usr/lib/python3.12/logging/__init__.py:1708=158;KeyInList:/usr/lib/python3.12/logging/__init__.py:1719=156;KeyInList:/usr/lib/python3.12/typing.py:286=1;KeyInList:/usr/lib/python3.12/typing.py:290=1;KeyInList:/usr/lib/python3.12/gettext.py:490=3;KeyInList:/usr/lib/python3.12/gettext.py:496=15;KeyInList:/src/wemo/backend/utils/utils.py:24=36;RandomMustUseSeed:/src/wemo/backend/utils/utils.py:96=2048;RandomMustUseSeed:/src/wemo/backend/utils/utils.py:100=2
20251229_104329,42202829cf8130283366a13c114407ad6037538d,9b012609a70758f580856aad2ebf6ecc50fd1e05,1732514550,üöß change signal,https://github.com/JackyLee3362/wemo/compare/9b012609a70758f580856aad2ebf6ecc50fd1e05...42202829cf8130283366a13c114407ad6037538d,1,7.420999999999999,0,,0,,10,KeyInList:/specs-new/NLTK_NonterminalSymbolMutability.py:34=274;KeyInList:/usr/lib/python3.12/logging/__init__.py:1708=158;KeyInList:/usr/lib/python3.12/logging/__init__.py:1719=156;KeyInList:/usr/lib/python3.12/typing.py:286=1;KeyInList:/usr/lib/python3.12/typing.py:290=1;KeyInList:/usr/lib/python3.12/gettext.py:490=3;KeyInList:/usr/lib/python3.12/gettext.py:496=15;KeyInList:/src/wemo/backend/utils/utils.py:24=36;RandomMustUseSeed:/src/wemo/backend/utils/utils.py:96=2048;RandomMustUseSeed:/src/wemo/backend/utils/utils.py:100=2,10,KeyInList:/specs-new/NLTK_NonterminalSymbolMutability.py:34=274;KeyInList:/usr/lib/python3.12/logging/__init__.py:1708=158;KeyInList:/usr/lib/python3.12/logging/__init__.py:1719=156;KeyInList:/usr/lib/python3.12/typing.py:286=1;KeyInList:/usr/lib/python3.12/typing.py:290=1;KeyInList:/usr/lib/python3.12/gettext.py:490=3;KeyInList:/usr/lib/python3.12/gettext.py:496=15;KeyInList:/src/wemo/backend/utils/utils.py:24=36;RandomMustUseSeed:/src/wemo/backend/utils/utils.py:96=2048;RandomMustUseSeed:/src/wemo/backend/utils/utils.py:100=2
20251229_104329,1bb054432af8ad8057929db00c2ea074c2d5a97b,42202829cf8130283366a13c114407ad6037538d,1732514561,‚úÖ add tests.,https://github.com/JackyLee3362/wemo/compare/42202829cf8130283366a13c114407ad6037538d...1bb054432af8ad8057929db00c2ea074c2d5a97b,3,7.420999999999999,0,,0,,10,KeyInList:/specs-new/NLTK_NonterminalSymbolMutability.py:34=274;KeyInList:/usr/lib/python3.12/logging/__init__.py:1708=158;KeyInList:/usr/lib/python3.12/logging/__init__.py:1719=156;KeyInList:/usr/lib/python3.12/typing.py:286=1;KeyInList:/usr/lib/python3.12/typing.py:290=1;KeyInList:/usr/lib/python3.12/gettext.py:490=3;KeyInList:/usr/lib/python3.12/gettext.py:496=15;KeyInList:/src/wemo/backend/utils/utils.py:24=36;RandomMustUseSeed:/src/wemo/backend/utils/utils.py:96=2048;RandomMustUseSeed:/src/wemo/backend/utils/utils.py:100=2,10,KeyInList:/specs-new/NLTK_NonterminalSymbolMutability.py:34=274;KeyInList:/usr/lib/python3.12/logging/__init__.py:1708=158;KeyInList:/usr/lib/python3.12/logging/__init__.py:1719=156;KeyInList:/usr/lib/python3.12/typing.py:286=1;KeyInList:/usr/lib/python3.12/typing.py:290=1;KeyInList:/usr/lib/python3.12/gettext.py:490=3;KeyInList:/usr/lib/python3.12/gettext.py:496=15;KeyInList:/src/wemo/backend/utils/utils.py:24=36;RandomMustUseSeed:/src/wemo/backend/utils/utils.py:96=2048;RandomMustUseSeed:/src/wemo/backend/utils/utils.py:100=2
20251229_104329,4e7eb8741a854d4998c2a52259aa47b3b1fdbdb9,1bb054432af8ad8057929db00c2ea074c2d5a97b,1732514603,üß™ test not complete...,https://github.com/JackyLee3362/wemo/compare/1bb054432af8ad8057929db00c2ea074c2d5a97b...4e7eb8741a854d4998c2a52259aa47b3b1fdbdb9,6,7.420999999999999,0,,0,,10,KeyInList:/specs-new/NLTK_NonterminalSymbolMutability.py:34=274;KeyInList:/usr/lib/python3.12/logging/__init__.py:1708=158;KeyInList:/usr/lib/python3.12/logging/__init__.py:1719=156;KeyInList:/usr/lib/python3.12/typing.py:286=1;KeyInList:/usr/lib/python3.12/typing.py:290=1;KeyInList:/usr/lib/python3.12/gettext.py:490=3;KeyInList:/usr/lib/python3.12/gettext.py:496=15;KeyInList:/src/wemo/backend/utils/utils.py:24=36;RandomMustUseSeed:/src/wemo/backend/utils/utils.py:96=2048;RandomMustUseSeed:/src/wemo/backend/utils/utils.py:100=2,10,KeyInList:/specs-new/NLTK_NonterminalSymbolMutability.py:34=274;KeyInList:/usr/lib/python3.12/logging/__init__.py:1708=158;KeyInList:/usr/lib/python3.12/logging/__init__.py:1719=156;KeyInList:/usr/lib/python3.12/typing.py:286=1;KeyInList:/usr/lib/python3.12/typing.py:290=1;KeyInList:/usr/lib/python3.12/gettext.py:490=3;KeyInList:/usr/lib/python3.12/gettext.py:496=15;KeyInList:/src/wemo/backend/utils/utils.py:24=36;RandomMustUseSeed:/src/wemo/backend/utils/utils.py:96=2048;RandomMustUseSeed:/src/wemo/backend/utils/utils.py:100=2
20251229_104329,18cdfed93638c21b2b96f4ddbd03ae0e01afe260,4e7eb8741a854d4998c2a52259aa47b3b1fdbdb9,1733193278,üé® delete some import,https://github.com/JackyLee3362/wemo/compare/4e7eb8741a854d4998c2a52259aa47b3b1fdbdb9...18cdfed93638c21b2b96f4ddbd03ae0e01afe260,7,7.420999999999999,0,,0,,10,KeyInList:/specs-new/NLTK_NonterminalSymbolMutability.py:34=274;KeyInList:/usr/lib/python3.12/logging/__init__.py:1708=158;KeyInList:/usr/lib/python3.12/logging/__init__.py:1719=156;KeyInList:/usr/lib/python3.12/typing.py:286=1;KeyInList:/usr/lib/python3.12/typing.py:290=1;KeyInList:/usr/lib/python3.12/gettext.py:490=3;KeyInList:/usr/lib/python3.12/gettext.py:496=15;KeyInList:/src/wemo/backend/utils/utils.py:24=36;RandomMustUseSeed:/src/wemo/backend/utils/utils.py:96=2048;RandomMustUseSeed:/src/wemo/backend/utils/utils.py:100=2,10,KeyInList:/specs-new/NLTK_NonterminalSymbolMutability.py:34=274;KeyInList:/usr/lib/python3.12/logging/__init__.py:1708=158;KeyInList:/usr/lib/python3.12/logging/__init__.py:1719=156;KeyInList:/usr/lib/python3.12/typing.py:286=1;KeyInList:/usr/lib/python3.12/typing.py:290=1;KeyInList:/usr/lib/python3.12/gettext.py:490=3;KeyInList:/usr/lib/python3.12/gettext.py:496=15;KeyInList:/src/wemo/backend/utils/utils.py:24=36;RandomMustUseSeed:/src/wemo/backend/utils/utils.py:96=2048;RandomMustUseSeed:/src/wemo/backend/utils/utils.py:100=2
20251229_104329,463b86f16a37c755981184e5a09b93c5396ef716,18cdfed93638c21b2b96f4ddbd03ae0e01afe260,1734497787,üíÑ update error color,https://github.com/JackyLee3362/wemo/compare/18cdfed93638c21b2b96f4ddbd03ae0e01afe260...463b86f16a37c755981184e5a09b93c5396ef716,1,7.420999999999999,0,,0,,10,KeyInList:/specs-new/NLTK_NonterminalSymbolMutability.py:34=274;KeyInList:/usr/lib/python3.12/logging/__init__.py:1708=158;KeyInList:/usr/lib/python3.12/logging/__init__.py:1719=156;KeyInList:/usr/lib/python3.12/typing.py:286=1;KeyInList:/usr/lib/python3.12/typing.py:290=1;KeyInList:/usr/lib/python3.12/gettext.py:490=3;KeyInList:/usr/lib/python3.12/gettext.py:496=15;KeyInList:/src/wemo/backend/utils/utils.py:24=36;RandomMustUseSeed:/src/wemo/backend/utils/utils.py:96=2048;RandomMustUseSeed:/src/wemo/backend/utils/utils.py:100=2,10,KeyInList:/specs-new/NLTK_NonterminalSymbolMutability.py:34=274;KeyInList:/usr/lib/python3.12/logging/__init__.py:1708=158;KeyInList:/usr/lib/python3.12/logging/__init__.py:1719=156;KeyInList:/usr/lib/python3.12/typing.py:286=1;KeyInList:/usr/lib/python3.12/typing.py:290=1;KeyInList:/usr/lib/python3.12/gettext.py:490=3;KeyInList:/usr/lib/python3.12/gettext.py:496=15;KeyInList:/src/wemo/backend/utils/utils.py:24=36;RandomMustUseSeed:/src/wemo/backend/utils/utils.py:96=2048;RandomMustUseSeed:/src/wemo/backend/utils/utils.py:100=2
20251229_104329,405186fa64613794d18cdf853b02f0e7c8776693,463b86f16a37c755981184e5a09b93c5396ef716,1736353726,‚ôªÔ∏è refactor code of logging,https://github.com/JackyLee3362/wemo/compare/463b86f16a37c755981184e5a09b93c5396ef716...405186fa64613794d18cdf853b02f0e7c8776693,32,5.878,0,,0,,10,KeyInList:/specs-new/NLTK_NonterminalSymbolMutability.py:34=274;KeyInList:/usr/lib/python3.12/logging/__init__.py:1708=158;KeyInList:/usr/lib/python3.12/logging/__init__.py:1719=156;KeyInList:/usr/lib/python3.12/typing.py:286=1;KeyInList:/usr/lib/python3.12/typing.py:290=1;KeyInList:/usr/lib/python3.12/gettext.py:490=3;KeyInList:/usr/lib/python3.12/gettext.py:496=15;KeyInList:/src/wemo/backend/utils/utils.py:24=36;RandomMustUseSeed:/src/wemo/backend/utils/utils.py:96=2048;RandomMustUseSeed:/src/wemo/backend/utils/utils.py:100=2,10,KeyInList:/specs-new/NLTK_NonterminalSymbolMutability.py:34=274;KeyInList:/usr/lib/python3.12/logging/__init__.py:1708=158;KeyInList:/usr/lib/python3.12/logging/__init__.py:1719=156;KeyInList:/usr/lib/python3.12/typing.py:286=1;KeyInList:/usr/lib/python3.12/typing.py:290=1;KeyInList:/usr/lib/python3.12/gettext.py:490=3;KeyInList:/usr/lib/python3.12/gettext.py:496=15;KeyInList:/src/wemo/backend/utils/utils.py:24=36;RandomMustUseSeed:/src/wemo/backend/utils/utils.py:96=2048;RandomMustUseSeed:/src/wemo/backend/utils/utils.py:100=2
20251229_104329,a3be6b54d5ee11543a18d704263fa7b654109800,405186fa64613794d18cdf853b02f0e7c8776693,1736356440,‚ôªÔ∏è refactor code of config,https://github.com/JackyLee3362/wemo/compare/405186fa64613794d18cdf853b02f0e7c8776693...a3be6b54d5ee11543a18d704263fa7b654109800,8,6.283999999999999,0,,0,,10,KeyInList:/specs-new/NLTK_NonterminalSymbolMutability.py:34=274;KeyInList:/usr/lib/python3.12/logging/__init__.py:1708=158;KeyInList:/usr/lib/python3.12/logging/__init__.py:1719=156;KeyInList:/usr/lib/python3.12/typing.py:286=1;KeyInList:/usr/lib/python3.12/typing.py:290=1;KeyInList:/usr/lib/python3.12/gettext.py:490=3;KeyInList:/usr/lib/python3.12/gettext.py:496=15;KeyInList:/src/wemo/backend/utils/utils.py:24=36;RandomMustUseSeed:/src/wemo/backend/utils/utils.py:96=2048;RandomMustUseSeed:/src/wemo/backend/utils/utils.py:100=2,10,KeyInList:/specs-new/NLTK_NonterminalSymbolMutability.py:34=274;KeyInList:/usr/lib/python3.12/logging/__init__.py:1708=158;KeyInList:/usr/lib/python3.12/logging/__init__.py:1719=156;KeyInList:/usr/lib/python3.12/typing.py:286=1;KeyInList:/usr/lib/python3.12/typing.py:290=1;KeyInList:/usr/lib/python3.12/gettext.py:490=3;KeyInList:/usr/lib/python3.12/gettext.py:496=15;KeyInList:/src/wemo/backend/utils/utils.py:24=36;RandomMustUseSeed:/src/wemo/backend/utils/utils.py:96=2048;RandomMustUseSeed:/src/wemo/backend/utils/utils.py:100=2
20251229_104329,601908d7584c5bb65494938e3be0373a4c22a3c3,a3be6b54d5ee11543a18d704263fa7b654109800,1736405198,"‚ôªÔ∏è refactor code, for fix userDir class and it's usage.",https://github.com/JackyLee3362/wemo/compare/a3be6b54d5ee11543a18d704263fa7b654109800...601908d7584c5bb65494938e3be0373a4c22a3c3,27,x,0,,3,KeyInList:/src/wemo/backend/utils/utils.py:24;RandomMustUseSeed:/src/wemo/backend/utils/utils.py:96;RandomMustUseSeed:/src/wemo/backend/utils/utils.py:100,7,KeyInList:/specs-new/NLTK_NonterminalSymbolMutability.py:34=256;KeyInList:/usr/lib/python3.12/logging/__init__.py:1708=122;KeyInList:/usr/lib/python3.12/logging/__init__.py:1719=120;KeyInList:/usr/lib/python3.12/typing.py:286=1;KeyInList:/usr/lib/python3.12/typing.py:290=1;KeyInList:/usr/lib/python3.12/gettext.py:490=3;KeyInList:/usr/lib/python3.12/gettext.py:496=15,10,KeyInList:/specs-new/NLTK_NonterminalSymbolMutability.py:34=274;KeyInList:/usr/lib/python3.12/logging/__init__.py:1708=158;KeyInList:/usr/lib/python3.12/logging/__init__.py:1719=156;KeyInList:/usr/lib/python3.12/typing.py:286=1;KeyInList:/usr/lib/python3.12/typing.py:290=1;KeyInList:/usr/lib/python3.12/gettext.py:490=3;KeyInList:/usr/lib/python3.12/gettext.py:496=15;KeyInList:/src/wemo/backend/utils/utils.py:24=36;RandomMustUseSeed:/src/wemo/backend/utils/utils.py:96=2048;RandomMustUseSeed:/src/wemo/backend/utils/utils.py:100=2
20251229_104329,cd9f3f57acd02c9761dde1edf7ca6c98f86af565,601908d7584c5bb65494938e3be0373a4c22a3c3,1736405225,üî• delete and change some entrance file,https://github.com/JackyLee3362/wemo/compare/601908d7584c5bb65494938e3be0373a4c22a3c3...cd9f3f57acd02c9761dde1edf7ca6c98f86af565,1,x,0,,0,,7,KeyInList:/specs-new/NLTK_NonterminalSymbolMutability.py:34=256;KeyInList:/usr/lib/python3.12/logging/__init__.py:1708=122;KeyInList:/usr/lib/python3.12/logging/__init__.py:1719=120;KeyInList:/usr/lib/python3.12/typing.py:286=1;KeyInList:/usr/lib/python3.12/typing.py:290=1;KeyInList:/usr/lib/python3.12/gettext.py:490=3;KeyInList:/usr/lib/python3.12/gettext.py:496=15,7,KeyInList:/specs-new/NLTK_NonterminalSymbolMutability.py:34=256;KeyInList:/usr/lib/python3.12/logging/__init__.py:1708=122;KeyInList:/usr/lib/python3.12/logging/__init__.py:1719=120;KeyInList:/usr/lib/python3.12/typing.py:286=1;KeyInList:/usr/lib/python3.12/typing.py:290=1;KeyInList:/usr/lib/python3.12/gettext.py:490=3;KeyInList:/usr/lib/python3.12/gettext.py:496=15
20251229_104329,54c1aed60b121b47b74cb69be17ece7ec5b68265,cd9f3f57acd02c9761dde1edf7ca6c98f86af565,1736407306,‚ôªÔ∏è refactor for delete singleton decorator.,https://github.com/JackyLee3362/wemo/compare/cd9f3f57acd02c9761dde1edf7ca6c98f86af565...54c1aed60b121b47b74cb69be17ece7ec5b68265,16,8.801,3,KeyInList:/src/wemo/backend/utils/utils.py:22;RandomMustUseSeed:/src/wemo/backend/utils/utils.py:70;RandomMustUseSeed:/src/wemo/backend/utils/utils.py:74,0,,10,KeyInList:/specs-new/NLTK_NonterminalSymbolMutability.py:34=274;KeyInList:/usr/lib/python3.12/logging/__init__.py:1708=164;KeyInList:/usr/lib/python3.12/logging/__init__.py:1719=162;KeyInList:/usr/lib/python3.12/typing.py:286=1;KeyInList:/usr/lib/python3.12/typing.py:290=1;KeyInList:/usr/lib/python3.12/gettext.py:490=3;KeyInList:/usr/lib/python3.12/gettext.py:496=15;KeyInList:/src/wemo/backend/utils/utils.py:22=36;RandomMustUseSeed:/src/wemo/backend/utils/utils.py:70=2048;RandomMustUseSeed:/src/wemo/backend/utils/utils.py:74=2,7,KeyInList:/specs-new/NLTK_NonterminalSymbolMutability.py:34=256;KeyInList:/usr/lib/python3.12/logging/__init__.py:1708=122;KeyInList:/usr/lib/python3.12/logging/__init__.py:1719=120;KeyInList:/usr/lib/python3.12/typing.py:286=1;KeyInList:/usr/lib/python3.12/typing.py:290=1;KeyInList:/usr/lib/python3.12/gettext.py:490=3;KeyInList:/usr/lib/python3.12/gettext.py:496=15
20251229_104329,bf8bbad899f24c00524cc8e421fbccbef6df9798,54c1aed60b121b47b74cb69be17ece7ec5b68265,1736409514,"‚ôªÔ∏è change the logger message, replace name by __str__",https://github.com/JackyLee3362/wemo/compare/54c1aed60b121b47b74cb69be17ece7ec5b68265...bf8bbad899f24c00524cc8e421fbccbef6df9798,21,6.376999999999999,0,,0,,10,KeyInList:/specs-new/NLTK_NonterminalSymbolMutability.py:34=274;KeyInList:/usr/lib/python3.12/logging/__init__.py:1708=170;KeyInList:/usr/lib/python3.12/logging/__init__.py:1719=168;KeyInList:/usr/lib/python3.12/typing.py:286=1;KeyInList:/usr/lib/python3.12/typing.py:290=1;KeyInList:/usr/lib/python3.12/gettext.py:490=3;KeyInList:/usr/lib/python3.12/gettext.py:496=15;KeyInList:/src/wemo/backend/utils/utils.py:22=36;RandomMustUseSeed:/src/wemo/backend/utils/utils.py:70=2048;RandomMustUseSeed:/src/wemo/backend/utils/utils.py:74=2,10,KeyInList:/specs-new/NLTK_NonterminalSymbolMutability.py:34=274;KeyInList:/usr/lib/python3.12/logging/__init__.py:1708=164;KeyInList:/usr/lib/python3.12/logging/__init__.py:1719=162;KeyInList:/usr/lib/python3.12/typing.py:286=1;KeyInList:/usr/lib/python3.12/typing.py:290=1;KeyInList:/usr/lib/python3.12/gettext.py:490=3;KeyInList:/usr/lib/python3.12/gettext.py:496=15;KeyInList:/src/wemo/backend/utils/utils.py:22=36;RandomMustUseSeed:/src/wemo/backend/utils/utils.py:70=2048;RandomMustUseSeed:/src/wemo/backend/utils/utils.py:74=2
20251229_104329,88f34f866e6220914319739a29aa999e07d84d84,bf8bbad899f24c00524cc8e421fbccbef6df9798,1736413175,‚ôªÔ∏è refactor code for fix some logging and config bug,https://github.com/JackyLee3362/wemo/compare/bf8bbad899f24c00524cc8e421fbccbef6df9798...88f34f866e6220914319739a29aa999e07d84d84,26,3.4389999999999996,0,,3,KeyInList:/src/wemo/backend/utils/utils.py:22;RandomMustUseSeed:/src/wemo/backend/utils/utils.py:70;RandomMustUseSeed:/src/wemo/backend/utils/utils.py:74,7,KeyInList:/specs-new/NLTK_NonterminalSymbolMutability.py:34=256;KeyInList:/usr/lib/python3.12/logging/__init__.py:1708=134;KeyInList:/usr/lib/python3.12/logging/__init__.py:1719=132;KeyInList:/usr/lib/python3.12/typing.py:286=1;KeyInList:/usr/lib/python3.12/typing.py:290=1;KeyInList:/usr/lib/python3.12/gettext.py:490=3;KeyInList:/usr/lib/python3.12/gettext.py:496=15,10,KeyInList:/specs-new/NLTK_NonterminalSymbolMutability.py:34=274;KeyInList:/usr/lib/python3.12/logging/__init__.py:1708=170;KeyInList:/usr/lib/python3.12/logging/__init__.py:1719=168;KeyInList:/usr/lib/python3.12/typing.py:286=1;KeyInList:/usr/lib/python3.12/typing.py:290=1;KeyInList:/usr/lib/python3.12/gettext.py:490=3;KeyInList:/usr/lib/python3.12/gettext.py:496=15;KeyInList:/src/wemo/backend/utils/utils.py:22=36;RandomMustUseSeed:/src/wemo/backend/utils/utils.py:70=2048;RandomMustUseSeed:/src/wemo/backend/utils/utils.py:74=2
20251229_104329,9f87c6d1edb367361a09d0238439b44f3fdb38f1,88f34f866e6220914319739a29aa999e07d84d84,1736422922,üé® using isort to sort import,https://github.com/JackyLee3362/wemo/compare/88f34f866e6220914319739a29aa999e07d84d84...9f87c6d1edb367361a09d0238439b44f3fdb38f1,61,4.2090000000000005,0,,0,,7,KeyInList:/specs-new/NLTK_NonterminalSymbolMutability.py:34=256;KeyInList:/usr/lib/python3.12/logging/__init__.py:1708=134;KeyInList:/usr/lib/python3.12/logging/__init__.py:1719=132;KeyInList:/usr/lib/python3.12/typing.py:286=1;KeyInList:/usr/lib/python3.12/typing.py:290=1;KeyInList:/usr/lib/python3.12/gettext.py:490=3;KeyInList:/usr/lib/python3.12/gettext.py:496=15,7,KeyInList:/specs-new/NLTK_NonterminalSymbolMutability.py:34=256;KeyInList:/usr/lib/python3.12/logging/__init__.py:1708=134;KeyInList:/usr/lib/python3.12/logging/__init__.py:1719=132;KeyInList:/usr/lib/python3.12/typing.py:286=1;KeyInList:/usr/lib/python3.12/typing.py:290=1;KeyInList:/usr/lib/python3.12/gettext.py:490=3;KeyInList:/usr/lib/python3.12/gettext.py:496=15
20251229_104329,7ad9a55d3a4deb6ad75f10c2a14b4a568d7b7b12,9f87c6d1edb367361a09d0238439b44f3fdb38f1,1736423874,üèóÔ∏è change the architectual of context.,https://github.com/JackyLee3362/wemo/compare/9f87c6d1edb367361a09d0238439b44f3fdb38f1...7ad9a55d3a4deb6ad75f10c2a14b4a568d7b7b12,13,4.385,0,,0,,7,KeyInList:/specs-new/NLTK_NonterminalSymbolMutability.py:34=256;KeyInList:/usr/lib/python3.12/logging/__init__.py:1708=134;KeyInList:/usr/lib/python3.12/logging/__init__.py:1719=132;KeyInList:/usr/lib/python3.12/typing.py:286=1;KeyInList:/usr/lib/python3.12/typing.py:290=1;KeyInList:/usr/lib/python3.12/gettext.py:490=3;KeyInList:/usr/lib/python3.12/gettext.py:496=15,7,KeyInList:/specs-new/NLTK_NonterminalSymbolMutability.py:34=256;KeyInList:/usr/lib/python3.12/logging/__init__.py:1708=134;KeyInList:/usr/lib/python3.12/logging/__init__.py:1719=132;KeyInList:/usr/lib/python3.12/typing.py:286=1;KeyInList:/usr/lib/python3.12/typing.py:290=1;KeyInList:/usr/lib/python3.12/gettext.py:490=3;KeyInList:/usr/lib/python3.12/gettext.py:496=15
20251229_104329,ac290a0eadafe5aa0a2cc4e94049628322b2d2ac,7ad9a55d3a4deb6ad75f10c2a14b4a568d7b7b12,1736429003,üêõ fix bug: can't start app when wechat not started.,https://github.com/JackyLee3362/wemo/compare/7ad9a55d3a4deb6ad75f10c2a14b4a568d7b7b12...ac290a0eadafe5aa0a2cc4e94049628322b2d2ac,10,4.304,0,,0,,7,KeyInList:/specs-new/NLTK_NonterminalSymbolMutability.py:34=256;KeyInList:/usr/lib/python3.12/logging/__init__.py:1708=134;KeyInList:/usr/lib/python3.12/logging/__init__.py:1719=132;KeyInList:/usr/lib/python3.12/typing.py:286=1;KeyInList:/usr/lib/python3.12/typing.py:290=1;KeyInList:/usr/lib/python3.12/gettext.py:490=3;KeyInList:/usr/lib/python3.12/gettext.py:496=15,7,KeyInList:/specs-new/NLTK_NonterminalSymbolMutability.py:34=256;KeyInList:/usr/lib/python3.12/logging/__init__.py:1708=134;KeyInList:/usr/lib/python3.12/logging/__init__.py:1719=132;KeyInList:/usr/lib/python3.12/typing.py:286=1;KeyInList:/usr/lib/python3.12/typing.py:290=1;KeyInList:/usr/lib/python3.12/gettext.py:490=3;KeyInList:/usr/lib/python3.12/gettext.py:496=15
